,y,moneyness,T,r,vol
0,0.0,0.8,0.003968253968253968,0.01,0.05
1,0.00024933459992640926,0.88,0.43197278911564624,0.011818181818181818,0.08461538461538462
2,0.030255313800131467,0.96,0.8599773242630385,0.013636363636363636,0.11923076923076924
3,0.10410613450874695,1.04,1.2879818594104309,0.015454545454545453,0.15384615384615385
4,0.19393741260879405,1.12,1.715986394557823,0.017272727272727273,0.18846153846153846
5,0.057039925096433436,0.8160000000000001,2.1439909297052155,0.01909090909090909,0.22307692307692312
6,0.12645161451573672,0.896,2.5719954648526078,0.020909090909090905,0.2576923076923077
7,0.019472263876780915,0.976,0.06511175898931001,0.022727272727272728,0.2923076923076923
8,0.13129290871205213,1.056,0.49311629413670227,0.024545454545454544,0.3269230769230769
9,0.23897716161108185,1.1360000000000001,0.9211208292840946,0.02636363636363636,0.36153846153846153
10,0.1059170277272577,0.8320000000000001,1.349125364431487,0.028181818181818176,0.3961538461538462
11,0.180697858392334,0.912,1.7771298995788791,0.010165289256198346,0.43076923076923074
12,0.27483624589981065,0.992,2.2051344347262716,0.011983471074380164,0.4653846153846154
13,0.11218491376549355,1.072,2.633138969873664,0.013801652892561984,0.052662721893491124
14,0.15397015541688264,1.152,0.12625526401036605,0.0156198347107438,0.08727810650887574
15,0.0014818557675823213,0.8480000000000001,0.5542597991577582,0.01743801652892562,0.12189349112426036
16,0.03615391582478339,0.928,0.9822643343051506,0.019256198347107435,0.15650887573964498
17,0.10925784790667392,1.008,1.4102688694525427,0.02107438016528925,0.1911242603550296
18,0.19944909446158343,1.088,1.8382734045999352,0.022892561983471074,0.2257396449704142
19,0.29831254875560553,1.168,2.2662779397473276,0.02471074380165289,0.2603550295857988
20,0.14017127920401629,0.864,2.69428247489472,0.026528925619834706,0.2949704142011834
21,0.033435316787133684,0.944,0.1873987690314221,0.028347107438016522,0.3295857988165681
22,0.13039598113161882,1.024,0.6154033041788144,0.010330578512396695,0.3642011834319527
23,0.23328002233357592,1.104,1.0434078393262067,0.012148760330578512,0.3988165680473373
24,0.34052230777587367,1.184,1.471412374473599,0.01396694214876033,0.4334319526627219
25,0.1499070891054597,0.8032,1.899416909620991,0.01578512396694215,0.46804733727810655
26,0.006643796498471188,0.8832,2.3274214447683836,0.017603305785123965,0.05532544378698225
27,0.06484069490484673,0.9632000000000001,2.7554259799157754,0.01942148760330578,0.08994082840236686
28,0.05653157893702365,1.0432,0.24854227405247814,0.021239669421487598,0.1245562130177515
29,0.14999113106768913,1.1232,0.6765468091998703,0.02305785123966942,0.1591715976331361
30,0.020138983123377502,0.8192,1.1045513443472625,0.024876033057851236,0.1937869822485207
31,0.0769088871862455,0.8992,1.532555879494655,0.02669421487603306,0.22840236686390536
32,0.15801094628805595,0.9792000000000001,1.9605604146420472,0.028512396694214875,0.26301775147928996
33,0.22993664898281085,1.0592,2.3885649497894397,0.01049586776859504,0.2976331360946745
34,0.3275501194580154,1.1392,2.8165694849368315,0.01231404958677686,0.33224852071005917
35,0.020021513669349345,0.8352,0.3096857790735342,0.014132231404958676,0.3668639053254438
36,0.09691943748084758,0.9152,0.7376903142209265,0.015950413223140496,0.4014792899408284
37,0.19171554746687958,0.9952000000000001,1.1656948493683188,0.017768595041322312,0.436094674556213
38,0.29530256171981994,1.0752,1.5936993845157108,0.019586776859504128,0.47071005917159764
39,0.19789319656383697,1.1552,2.021703919663103,0.02140495867768595,0.05798816568047338
40,0.017951570491973018,0.8512000000000001,2.4497084548104957,0.023223140495867767,0.092603550295858
41,0.08035033948583448,0.9312,2.877712989957888,0.025041322314049586,0.12721893491124261
42,0.05077769005148569,1.0112,0.3708292840945902,0.026859504132231406,0.16183431952662725
43,0.14302408184943005,1.0912,0.7988338192419824,0.02867768595041322,0.19644970414201185
44,0.2254579456651845,1.1712,1.2268383543893748,0.010661157024793389,0.23106508875739645
45,0.07689960487293174,0.8672000000000001,1.6548428895367668,0.012479338842975207,0.26568047337278106
46,0.1530361048460268,0.9472,2.0828474246841595,0.014297520661157024,0.30029585798816566
47,0.24301130782446995,1.0272000000000001,2.5108519598315517,0.016115702479338842,0.3349112426035503
48,0.34207016382695,1.1072,2.938856494978944,0.017933884297520658,0.36952662721893487
49,0.18745182782686187,1.1872,0.012703040399833403,0.019752066115702478,0.4041420118343195
50,0.03659112722768826,0.8064,0.4407075755472256,0.021570247933884297,0.43875739644970413
51,0.12029926771068672,0.8864000000000001,0.8687121106946178,0.023388429752066113,0.4733727810650888
52,0.025926774098005034,0.9664,1.29671664584201,0.025206611570247933,0.0606508875739645
53,0.10874930679211525,1.0464,1.7247211809894025,0.027024793388429752,0.09526627218934912
54,0.20448869490009736,1.1264,2.152725716136795,0.028842975206611568,0.12988165680473374
55,0.03751158906248614,0.8224,2.5807302512841868,0.010826446280991735,0.16449704142011834
56,0.0005968047536296615,0.9024,0.07384654542088945,0.012644628099173553,0.199112426035503
57,0.060107341105940126,0.9824,0.5018510805682816,0.014462809917355372,0.2337278106508876
58,0.14854075067081585,1.0624,0.929855615715674,0.01628099173553719,0.2683431952662722
59,0.2461008367693387,1.1424,1.3578601508630663,0.018099173553719004,0.3029585798816568
60,0.1052080970414489,0.8384,1.7858646860104586,0.019917355371900827,0.3375739644970414
61,0.18724669938467786,0.9184,2.213869221157851,0.021735537190082643,0.372189349112426
62,0.28141786588489215,0.9984,2.6418737563052432,0.02355371900826446,0.4068047337278107
63,0.11572363078340209,1.0784,0.13499005044194545,0.02537190082644628,0.4414201183431953
64,0.25390666773059645,1.1583999999999999,0.5629945855893377,0.027190082644628098,0.4760355029585799
65,0.0004369937523895917,0.8544,0.9909991207367299,0.029008264462809914,0.06331360946745562
66,0.023962214921715963,0.9344,1.4190036558841221,0.010991735537190083,0.09792899408284024
67,0.09191064321832443,1.0144,1.8470081910315146,0.0128099173553719,0.13254437869822486
68,0.17905581193107145,1.0944,2.275012726178907,0.014628099173553719,0.1671597633136095
69,0.2749843188758049,1.1743999999999999,2.7030172613262993,0.016446280991735535,0.2017751479289941
70,0.004514194398655663,0.8704000000000001,0.19613355546300154,0.018264462809917354,0.2363905325443787
71,0.06534962641546421,0.9504,0.6241380906103938,0.020082644628099174,0.2710059171597633
72,0.15338451119578683,1.0304,1.052142625757786,0.02190082644628099,0.30562130177514796
73,0.25210005339932917,1.1104,1.4801471609051784,0.023719008264462806,0.34023668639053256
74,0.3573100664157459,1.1904,1.9081516960525704,0.02553719008264463,0.37485207100591716
75,0.15614036731824849,0.8096000000000001,2.336156231199963,0.027355371900826445,0.4094674556213018
76,0.24477819154334907,0.8896000000000001,2.764160766347355,0.02917355371900826,0.4440828402366864
77,0.08188274669137724,0.9696,0.2572770604840575,0.01115702479338843,0.47869822485207103
78,0.06267404531237253,1.0495999999999999,0.6852815956314497,0.012975206611570249,0.06597633136094674
79,0.15098700091351902,1.1296,1.113286130778842,0.014793388429752065,0.10059171597633138
80,0.012777781500342367,0.8256,1.5412906659262344,0.016611570247933884,0.13520710059171598
81,0.06235533051185721,0.9056000000000001,1.9692952010736264,0.018429752066115704,0.1698224852071006
82,0.13905804091044338,0.9856,2.397299736221019,0.02024793388429752,0.20443786982248524
83,0.23031418654039337,1.0655999999999999,2.825304271368411,0.022066115702479336,0.23905325443786984
84,0.1688107107890211,1.1456,0.3184205655051136,0.023884297520661155,0.27366863905325445
85,0.042275115792616835,0.8416,0.7464251006525058,0.025702479338842975,0.308284023668639
86,0.117190734805239,0.9216,1.174429635799898,0.02752066115702479,0.34289940828402365
87,0.2093637924838777,1.0016,1.6024341709472902,0.029338842975206607,0.37751479289940826
88,0.29335432835846315,1.0816,2.0304387060946825,0.011322314049586777,0.4121301775147929
89,0.397678988369919,1.1616,2.458443241242075,0.013140495867768595,0.44674556213017746
90,0.24049243359612654,0.8576,2.8864477763894674,0.014958677685950413,0.4813609467455621
91,0.0015874392866087328,0.9376,0.3795640705261696,0.01677685950413223,0.06863905325443788
92,0.055549607591500294,1.0176,0.8075686056735618,0.01859504132231405,0.1032544378698225
93,0.14248038504853522,1.0976,1.2355731408209543,0.020413223140495866,0.1378698224852071
94,0.2375732969662594,1.1776,1.6635776759683463,0.022231404958677682,0.17248520710059173
95,0.07422078583950892,0.8736,2.091582211115739,0.0240495867768595,0.20710059171597633
96,0.15230296542018218,0.9536,2.519586746263131,0.02586776859504132,0.24171597633136094
97,0.24451337674893925,1.0336,2.9475912814105234,0.027685950413223137,0.2763313609467456
98,0.1143721790191985,1.1136,0.021437826831412838,0.029504132231404953,0.31094674556213014
99,0.22971852535809034,1.1936,0.4494423619788051,0.011487603305785124,0.3455621301775148
100,0.057938163769719636,0.8128000000000001,0.8774468971261973,0.013305785123966941,0.3801775147928994
101,0.13496655226620063,0.8928,1.3054514322735895,0.015123966942148761,0.414792899408284
102,0.22699420619273714,0.9728,1.7334559674209817,0.016942148760330577,0.4494082840236686
103,0.32833382992042776,1.0528,2.1614605025683744,0.018760330578512396,0.4840236686390533
104,0.18778655309333958,1.1328,2.589465037715766,0.020578512396694212,0.071301775147929
105,2.1703030308631728e-12,0.8288000000000001,0.08258133185246887,0.02239669421487603,0.10591715976331362
106,0.010851412109324804,0.9088,0.5105858669998611,0.024214876033057848,0.14053254437869822
107,0.07308730818111514,0.9888,0.9385904021472534,0.026033057851239667,0.17514792899408288
108,0.16101871675441648,1.0688,1.3665949372946458,0.027851239669421483,0.20976331360946748
109,0.25915037292691867,1.1488,1.794599472442038,0.0296694214876033,0.2443786982248521
110,0.0936362808357355,0.8448,2.2226040075894304,0.011652892561983472,0.2789940828402367
111,0.17097197708096185,0.9248000000000001,2.6506085427368227,0.01347107438016529,0.3136094674556213
112,0.056268158155936554,1.0048,0.14372483687352494,0.015289256198347107,0.34822485207100595
113,0.17249662398730503,1.0848,0.5717293720209171,0.017107438016528923,0.38284023668639056
114,0.2836657084391263,1.1648,0.9997339071683093,0.018925619834710743,0.41745562130177516
115,0.14466248010055976,0.8608,1.4277384423157016,0.02074380165289256,0.45207100591715976
116,0.237718600478818,0.9408,1.855742977463094,0.022561983471074375,0.4866863905325444
117,0.09111073158619964,1.0208,2.2837475126104865,0.024380165289256198,0.07396449704142012
118,0.18640003682957884,1.1008,2.7117520477578787,0.026198347107438014,0.10857988165680474
119,0.18661003670841325,1.1808,0.20486834189458097,0.028016528925619837,0.14319526627218937
120,0.015861031657508795,0.8768,0.6328728770419733,0.029834710743801653,0.17781065088757397
121,0.06944539918616244,0.9568,1.0608774121893654,0.010015026296018031,0.21242603550295858
122,0.1499967363865795,1.0368,1.4888819473367576,0.01183320811419985,0.24704142011834324
123,0.24261513542224944,1.1168,1.9168864824841498,0.013651389932381668,0.28165680473372784
124,0.3426992512915905,1.1968,2.344891017631542,0.015469571750563484,0.31627218934911244
125,0.13389680817520905,0.80064,2.7728955527789343,0.017287753568745304,0.3508875739644971
126,0.030615616529394762,0.8806400000000001,0.26601184691563695,0.01910593538692712,0.38550295857988165
127,0.12306855072628037,0.96064,0.6940163820630292,0.02092411720510894,0.4201183431952663
128,0.2264355120155157,1.04064,1.1220209172104214,0.02274229902329076,0.4547337278106509
129,0.33577079927913495,1.12064,1.5500254523578139,0.024560480841472575,0.48934911242603557
130,0.0035112085122415704,0.81664,1.9780299875052059,0.026378662659654398,0.07662721893491124
131,0.04584756411382185,0.89664,2.4060345226525985,0.028196844477836214,0.11124260355029586
132,0.09774341726068653,0.97664,2.8340390577999903,0.010180315552216379,0.14585798816568046
133,0.07924182721280049,1.05664,0.32715535193669304,0.011998497370398197,0.18047337278106512
134,0.17335999063546614,1.13664,0.7551598870840852,0.013816679188580015,0.21508875739644973
135,0.0407988159720758,0.83264,1.1831644222314774,0.01563486100676183,0.24970414201183433
136,0.10718847695833411,0.91264,1.6111689573788697,0.01745304282494365,0.28431952662721893
137,0.19201356708654632,0.99264,2.039173492526262,0.019271224643125466,0.31893491124260354
138,0.28798511291590434,1.07264,2.4671780276736546,0.021089406461307286,0.35355029585798814
139,0.3914335636246953,1.1526399999999999,2.8951825628210464,0.022907588279489105,0.38816568047337274
140,0.04144745457359936,0.8486400000000001,0.3882988569577491,0.02472577009767092,0.4227810650887574
141,0.13237513711732934,0.92864,0.8163033921051411,0.026543951915852744,0.457396449704142
142,0.23574314227001775,1.00864,1.2443079272525337,0.02836213373403456,0.4920118343195266
143,0.11467182905514206,1.08864,1.6723124623999257,0.010345604808414725,0.07928994082840238
144,0.20595567764398692,1.16864,2.100316997547318,0.012163786626596545,0.113905325443787
145,0.04481290604472965,0.8646400000000001,2.5283215326947106,0.01398196844477836,0.1485207100591716
146,0.1139862902820884,0.94464,2.956326067842103,0.01580015026296018,0.18313609467455622
147,0.03104344120542868,1.02464,0.03017261326299227,0.017618332081141996,0.21775147928994082
148,0.14193162500552126,1.10464,0.4581771484103845,0.019436513899323816,0.2523668639053255
149,0.24492166953143546,1.18464,0.8861816835577768,0.021254695717505632,0.2869822485207101
150,0.06284539718855006,0.80384,1.3141862187051692,0.02307287753568745,0.3215976331360947
151,0.136690263996617,0.8838400000000001,1.7421907538525612,0.024891059353869267,0.3562130177514793
152,0.2263024779852605,0.96384,2.170195288999954,0.02670924117205109,0.3908284023668639
153,0.32594219310405176,1.0438399999999999,2.5981998241473456,0.028527422990232906,0.42544378698224855
154,0.14107187308356017,1.12384,0.09131611828404831,0.010510894064613073,0.46005917159763315
155,0.05933455310060262,0.81984,0.5193206534314405,0.012329075882794891,0.49467455621301776
156,0.004617538840276464,0.89984,0.947325188578833,0.014147257700976709,0.0819526627218935
157,0.05413653057967632,0.97984,1.3753297237262252,0.015965439519158527,0.11656804733727812
158,0.1356250014694942,1.05984,1.8033342588736174,0.017783621337340346,0.15118343195266273
159,0.22900937407906719,1.13984,2.23133879402101,0.019601803155522162,0.18579881656804736
160,0.07977456072092082,0.83584,2.6593433291684017,0.02141998497370398,0.22041420118343197
161,0.010504922969799518,0.91584,0.15245962330510432,0.023238166791885798,0.25502958579881657
162,0.09227668157749874,0.9958400000000001,0.5804641584524965,0.02505634861006762,0.28964497041420123
163,0.18996416522171833,1.07584,1.008468693599889,0.026874530428249437,0.3242603550295858
164,0.2944979946060634,1.15584,1.4364732287472812,0.028692712246431253,0.35887573964497044
165,0.13621771819468015,0.85184,1.8644777638946735,0.01067618332081142,0.39349112426035504
166,0.22241362030649087,0.93184,2.292482299042066,0.012494365138993237,0.4281065088757397
167,0.3189597501494134,1.01184,2.720486834189458,0.014312546957175057,0.46272189349112425
168,0.15058349264477933,1.09184,0.2136031283261604,0.016130728775356873,0.4973372781065089
169,0.1832902105195241,1.17184,0.6416076634735527,0.017948910593538692,0.05020482476103778
170,0.003131093561864279,0.8678400000000001,1.069612198620945,0.01976709241172051,0.0848202093764224
171,0.04622447380717898,0.94784,1.4976167337683373,0.021585274229902328,0.11943559399180702
172,0.12517476047280185,1.02784,1.9256212689157293,0.023403456048084144,0.15405097860719164
173,0.21848101909627138,1.10784,2.3536258040631215,0.025221637866265967,0.18866636322257624
174,0.3190399585335163,1.18784,2.7816303392105137,0.027039819684447783,0.2232817478379609
175,0.003324950002136562,0.8070400000000001,0.27474663334721644,0.0288580015026296,0.2578971324533455
176,0.04839821106997927,0.88704,0.7027511684946086,0.010841472577009768,0.2925125170687301
177,0.12565169573892077,0.96704,1.130755703642001,0.012659654395191585,0.32712790168411476
178,0.21758605162767986,1.04704,1.5587602387893933,0.014477836213373403,0.3617432862994993
179,0.3181722073238735,1.12704,1.9867647739367853,0.01629601803155522,0.39635867091488397
180,0.1720469302465647,0.82304,2.414769309084178,0.01811419984973704,0.4309740555302686
181,0.2616133404351111,0.9030400000000001,2.8427738442315698,0.019932381667918858,0.46558944014565323
182,0.007846863479862853,0.98304,0.3358901383682725,0.021750563486100674,0.052867546654528905
183,0.08696699523103069,1.06304,0.7638946735156648,0.02356874530428249,0.08748293126991352
184,0.1802382003699481,1.14304,1.191899208663057,0.025386927122464313,0.12209831588529814
185,0.027284013646612815,0.83904,1.619903743810449,0.02720510894064613,0.15671370050068276
186,0.09013285059150422,0.9190400000000001,2.0479082789578413,0.029023290758827945,0.1913290851160674
187,0.1524641473467923,0.99904,2.475912814105234,0.011006761833208114,0.225944469731452
188,0.24293230583283848,1.07904,2.903917349252626,0.012824943651389932,0.2605598543468366
189,0.18774652933864389,1.15904,0.39703364338932845,0.01464312546957175,0.29517523896222125
190,0.056038256833076616,0.85504,0.8250381785367208,0.016461307287753565,0.32979062357760586
191,0.13427224844201374,0.93504,1.2530427136841131,0.01827948910593539,0.36440600819299046
192,0.22726559213771552,1.01504,1.6810472488315051,0.020097670924117204,0.3990213928083751
193,0.32917728853880385,1.09504,2.1090517839788974,0.02191585274229902,0.4336367774237597
194,0.43727965014154163,1.17504,2.53705631912629,0.02373403456048084,0.4682521620391443
195,0.013306880125962928,0.87104,2.9650608542736823,0.02555221637866266,0.05553026854802003
196,1.4912347694718674e-05,0.95104,0.03890739969457171,0.027370398196844475,0.09014565316340464
197,0.061090177037012694,1.03104,0.46691193484196397,0.02918858001502629,0.12476103777878927
198,0.14117423042614508,1.11104,0.8949164699893563,0.011172051089406462,0.15937642239417388
199,0.23403050131523206,1.19104,1.3229210051367486,0.01299023290758828,0.19399180700955848
200,0.04433512839030851,0.8102400000000001,1.7509255402841406,0.014808414725770097,0.22860719162494314
201,0.1087346673003255,0.89024,2.178930075431533,0.016626596543951915,0.26322257624032774
202,0.19144381577966285,0.97024,2.606934610578925,0.018444778362133735,0.29783796085571235
203,0.07403260207003537,1.05024,0.10005090471562775,0.02026296018031555,0.33245334547109695
204,0.19711094935236295,1.1302400000000001,0.52805543986302,0.02208114199849737,0.36706873008648155
205,0.07727432940162288,0.8262400000000001,0.9560599750104124,0.02389932381667919,0.4016841147018662
206,0.16150242431805595,0.90624,1.3840645101578046,0.025717505634861006,0.4362994993172508
207,0.25879180583588623,0.98624,1.8120690453051966,0.02753568745304282,0.4709148839326354
208,0.1324788854610549,1.06624,2.2400735804525893,0.029353869271224645,0.058192990441511154
209,0.18698802863588326,1.1462400000000001,2.668078115599981,0.011337340345604808,0.09280837505689578
210,5.6462536502196905e-06,0.84224,0.16119440973668375,0.013155522163786626,0.1274237596722804
211,0.020701101673525235,0.9222400000000001,0.589198944884076,0.014973703981968445,0.16203914428766503
212,0.08837410153220099,1.00224,1.0172034800314682,0.01679188580015026,0.19665452890304963
213,0.1761155372900456,1.08224,1.4452080151788607,0.01861006761833208,0.23126991351843423
214,0.27313224849778694,1.16224,1.873212550326253,0.0204282494365139,0.26588529813381884
215,0.1210555733188351,0.85824,2.3012170854736453,0.022246431254695716,0.30050068274920344
216,0.20531487979751228,0.93824,2.7292216206210376,0.024064613072877536,0.3351160673645881
217,0.0825365869086736,1.01824,0.22233791475773984,0.025882794891059352,0.3697314519799727
218,0.20051765693296397,1.09824,0.6503424499051321,0.027700976709241175,0.40434683659535736
219,0.31554022797435044,1.17824,1.0783469850525245,0.02951915852742299,0.4389622212107419
220,0.16219133251165269,0.87424,1.5063515201999165,0.011502629601803156,0.47357760582612657
221,0.023396434967650537,0.95424,1.9343560553473087,0.013320811419984974,0.06085571233500228
222,0.0995576731959712,1.03424,2.362360590494701,0.015138993238166792,0.09547109695038689
223,0.1915231173635823,1.1142400000000001,2.790365125642093,0.016957175056348608,0.13008648156577152
224,0.20019225617736325,1.19424,0.2834814197787959,0.018775356874530427,0.16470186618115612
225,0.009496316734561763,0.81344,0.711485954926188,0.020593538692712247,0.19931725079654078
226,0.057705374842637214,0.89344,1.1394904900735803,0.022411720510894063,0.23393263541192538
227,0.1346663729425508,0.9734400000000001,1.5674950252209727,0.024229902329075882,0.26854802002731
228,0.22673908420163236,1.05344,1.9954995603683647,0.026048084147257698,0.3031634046426946
229,0.32770046723371726,1.13344,2.423504095515757,0.02786626596543952,0.33777878925807925
230,0.17379270175756956,0.8294400000000001,2.851508630663149,0.029684447783621337,0.37239417387346385
231,0.05376721776873655,0.90944,0.3446249247998519,0.011667918858001503,0.40700955848884846
232,0.15218936723954618,0.98944,0.7726294599472442,0.01348610067618332,0.44162494310423306
233,0.2577019565217011,1.06944,1.2006339950946365,0.015304282494365138,0.4762403277196177
234,0.17755572857336166,1.14944,1.6286385302420283,0.017122464312546957,0.0635184342284934
235,0.012351807147045507,0.8454400000000001,2.0566430653894208,0.018940646130728774,0.09813381884387802
236,0.06657677313540145,0.92544,2.4846476005368134,0.020758827948910593,0.13274920345926264
237,0.14818312155614455,1.0054400000000001,2.9126521356842052,0.02257700976709241,0.16736458807464727
238,0.11387304797282483,1.08544,0.40576842982090794,0.02439519158527423,0.20197997269003187
239,0.21421818241219093,1.16544,0.8337729649683001,0.026213373403456044,0.23659535730541648
240,0.06622775048937346,0.86144,1.2617775001156926,0.028031555221637867,0.2712107419208011
241,0.14443208545445912,0.94144,1.6897820352630846,0.029849737039819683,0.30582612653618574
242,0.21761908052930778,1.0214400000000001,2.117786570410477,0.010030052592036064,0.3404415111515704
243,0.31451209638141314,1.10144,2.5457911055578695,0.011848234410217881,0.37505689576695495
244,0.418343448975699,1.18144,2.9737956407052613,0.0136664162283997,0.4096722803823396
245,0.003786421574119375,0.87744,0.04764218612615114,0.015484598046581515,0.4442876649977242
246,0.1113789868159415,0.9574400000000001,0.47564672127354335,0.017302779864763335,0.47890304961310887
247,0.06144350541422472,1.0374400000000001,0.9036512564209357,0.01912096168294515,0.06618115612198452
248,0.15181247661233144,1.11744,1.3316557915683278,0.02093914350112697,0.10079654073736914
249,0.2469100209453574,1.19744,1.7596603267157203,0.02275732531930879,0.13541192535275376
250,0.03294374203583872,0.80128,2.1876648618631127,0.024575507137490606,0.1700273099681384
251,0.0950139011624222,0.8812800000000001,2.615669397010505,0.02639368895567243,0.20464269458352302
252,0.016211299598203388,0.96128,0.10878569114720718,0.028211870773854245,0.23925807919890762
253,0.10683004653190298,1.04128,0.5367902262945994,0.01019534184823441,0.27387346381429223
254,0.2041701455973779,1.12128,0.9647947614419917,0.01201352366641623,0.30848884842967683
255,0.07659972283612027,0.81728,1.392799296589384,0.013831705484598047,0.3431042330450615
256,0.15293853304041927,0.8972800000000001,1.8208038317367765,0.015649887302779865,0.37771961766044604
257,0.2433520358388664,0.97728,2.2488083668841687,0.01746806912096168,0.4123350022758307
258,0.34308846763990514,1.05728,2.676812902031561,0.0192862509391435,0.4469503868912153
259,0.17273859936379954,1.13728,0.16992919616826319,0.021104432757325316,0.48156577150659996
260,1.0036659304343159e-05,0.83328,0.5979337313156554,0.022922614575507136,0.06884387801547565
261,0.016040547079268136,0.91328,1.0259382664630476,0.024740796393688952,0.10345926263086028
262,0.08162545414672018,0.9932799999999999,1.4539428016104399,0.026558978211870775,0.13807464724624488
263,0.17064345817738769,1.07328,1.8819473367578325,0.02837716003005259,0.1726900318616295
264,0.2397531775108066,1.15328,2.309951871905225,0.010360631104432758,0.20730541647701412
265,0.09253959222942981,0.84928,2.737956407052617,0.012178812922614576,0.24192080109239872
266,0.024212226245795443,0.92928,0.23107270118931927,0.013996994740796393,0.2765361857077834
267,0.1105794942900552,1.00928,0.6590772363367116,0.01581517655897821,0.311151570323168
268,0.20833324554399146,1.08928,1.087081771484104,0.017633358377160027,0.3457669549385526
269,0.31230568380386226,1.16928,1.5150863066314963,0.019451540195341847,0.3803823395539372
270,0.1637607478402679,0.86528,1.9430908417788884,0.021269722013523663,0.41499772416932185
271,0.25543702276959973,0.94528,2.371095376926281,0.023087903831705482,0.44961310878470645
272,0.3562545778138972,1.02528,2.799099912073673,0.024906085649887298,0.48422849340009105
273,0.11309053342011632,1.10528,0.2922162062103753,0.02672426746806912,0.07150659990896677
274,0.20622768680331616,1.1852800000000001,0.7202207413577675,0.028542449286250937,0.1061219845243514
275,0.005341047215789735,0.8044800000000001,1.1482252765051597,0.010525920360631104,0.140737369139736
276,0.042409676812171004,0.88448,1.5762298116525524,0.012344102178812922,0.17535275375512066
277,0.11067201643802982,0.96448,2.0042343467999446,0.014162283996994741,0.20996813837050526
278,0.1965192009055619,1.04448,2.432238881947337,0.015980465815176557,0.24458352298588987
279,0.2925831369721642,1.12448,2.860243417094729,0.017798647633358377,0.2791989076012745
280,0.01337452419090146,0.82048,0.35335971123143134,0.019616829451540193,0.3138142922166591
281,0.07846742081411107,0.9004800000000001,0.7813642463788236,0.021435011269722012,0.34842967683204373
282,0.16701198171956033,0.98048,1.209368781526216,0.02325319308790383,0.38304506144742834
283,0.2667909828183622,1.06048,1.6373733166736082,0.025071374906085648,0.417660446062813
284,0.3735869472009682,1.14048,2.0653778518210006,0.026889556724267467,0.45227583067819754
285,0.21972400928553892,0.83648,2.493382386968393,0.028707738542449283,0.4868912152935822
286,0.025832643229546037,0.9164800000000001,2.921386922115785,0.010691209616829452,0.0741693218024579
287,0.028647562239645485,0.99648,0.41450321625248737,0.01250939143501127,0.10878470641784252
288,0.10948789123957237,1.0764799999999999,0.8425077513998795,0.014327573253193088,0.14340009103322715
289,0.20119574675469798,1.15648,1.270512286547272,0.016145755071374904,0.17801547564861175
290,0.05229814821620005,0.85248,1.6985168216946642,0.017963936889556723,0.21263086026399636
291,0.12252251851892931,0.93248,2.1265213568420567,0.019782118707738543,0.24724624487938096
292,0.20955056038645564,1.01248,2.554525891989449,0.02160030052592036,0.2818616294947657
293,0.30686099174251985,1.09248,2.982530427136841,0.023418482344102175,0.3164770141101502
294,0.17483324537823908,1.17248,0.056376972557730574,0.025236664162283994,0.3510923987255349
295,0.050757318422360365,0.86848,0.48438150770512284,0.027054845980465814,0.3857077833409195
296,0.14050406511930502,0.94848,0.912386042852515,0.02887302779864763,0.4203231679563041
297,0.23131145630277983,1.02848,1.3403905779999072,0.010856498873027799,0.4549385525716887
298,0.3362833835959654,1.10848,1.7683951131472997,0.012674680691209618,0.48955393718707335
299,0.22157030528034471,1.18848,2.196399648294692,0.014492862509391434,0.07683204369594902
300,0.014614836401267484,0.8076800000000001,2.6244041834420844,0.01631104432757325,0.11144742831133364
301,0.00015475383832419705,0.88768,0.11752047757878663,0.01812922614575507,0.14606281292671824
302,0.042005392429163735,0.96768,0.5455250127261789,0.01994740796393689,0.1806781975421029
303,0.12434619107591816,1.04768,0.9735295478735712,0.021765589782118705,0.2152935821574875
304,0.21929767463197458,1.12768,1.4015340830209635,0.02358377160030052,0.2499089667728721
305,0.07992016087496612,0.8236800000000001,1.829538618168356,0.025401953418482344,0.28452435138825677
306,0.15693949522532874,0.90368,2.257543153315748,0.02722013523666416,0.3191397360036413
307,0.24820146281600358,0.98368,2.6855476884631404,0.029038317054845976,0.353755120619026
308,0.10526010013491482,1.06368,0.17866398259984267,0.011021788129226147,0.3883705052344106
309,0.22810241316494484,1.14368,0.606668517747235,0.012839969947407964,0.4229858898497952
310,0.1048301602507759,0.83968,1.034673052894627,0.014658151765589782,0.4576012744651798
311,0.19466707371263064,0.91968,1.4626775880420193,0.0164763335837716,0.49221665908056444
312,0.06176230442320596,0.99968,1.890682123189412,0.01829451540195342,0.07949476558944014
313,0.14998592036448433,1.07968,2.318686658336804,0.020112697220135235,0.11411015020482476
314,0.24656770646543424,1.15968,2.7466911934841964,0.02193087903831705,0.1487255348202094
315,0.0016176559034416574,0.85568,0.23980748762089865,0.023749060856498867,0.183340919435594
316,0.046979989991484894,0.9356800000000001,0.667812022768291,0.02556724267468069,0.2179563040509786
317,0.12860171302899126,1.01568,1.095816557915683,0.027385424492862506,0.25257168866636326
318,0.22431096646137738,1.09568,1.5238210930630756,0.029203606311044322,0.28718707328174786
319,0.3056512096958347,1.1756799999999998,1.9518256282104678,0.011187077385424493,0.32180245789713247
320,0.15412324445358816,0.87168,2.3798301633578602,0.01300525920360631,0.3564178425125171
321,0.24160255970773648,0.95168,2.8078346985052525,0.01482344102178813,0.3910332271279017
322,0.11364647219069635,1.03168,0.3009509926419547,0.016641622839969946,0.42564861174328633
323,0.23331967304205992,1.11168,0.7289555277893469,0.018459804658151766,0.46026399635867093
324,0.3502547526265368,1.1916799999999999,1.1569600629367391,0.02027798647633358,0.4948793809740556
325,0.0017208080492525507,0.81088,1.5849645980841318,0.022096168294515398,0.08215748748293128
326,0.03476124320446172,0.89088,2.012969133231524,0.02391435011269722,0.1167728720983159
327,0.10666669904920967,0.97088,2.4409736683789163,0.025732531930879037,0.15138825671370051
328,0.1971038295934473,1.05088,2.8689782035263085,0.027550713749060853,0.1860036413290851
329,0.1529955748581462,1.1308799999999999,0.3620944976630108,0.02936889556724267,0.22061902594446975
330,0.024665423027058875,0.8268800000000001,0.790099032810403,0.01135236664162284,0.25523441055985435
331,0.08541092764977404,0.90688,1.2181035679577952,0.013170548459804659,0.289849795175239
332,0.16747994805427874,0.98688,1.6461081031051876,0.014988730277986476,0.3244651797906236
333,0.2616756086272027,1.06688,2.07411263825258,0.016806912096168292,0.3590805644060082
334,0.3637782327035876,1.14688,2.5021171733999723,0.018625093914350112,0.3936959490213928
335,0.20858067027797994,0.8428800000000001,2.9301217085473645,0.020443275732531928,0.4283113336367775
336,0.08377473090246962,0.92288,0.4232380026840668,0.022261457550713744,0.4629267182521621
337,0.19177111100932953,1.00288,0.851242537831459,0.024079639368895567,0.4975421028675467
338,0.11599277863135915,1.0828799999999998,1.2792470729788514,0.025897821187077383,0.05040964952207556
339,0.2108318658493854,1.16288,1.7072516081262437,0.0277160030052592,0.08502503413746018
340,0.030537571715276657,0.8588800000000001,2.135256143273636,0.029534184823441015,0.1196404187528448
341,0.07868820471008514,0.93888,2.5632606784210283,0.011517655897821187,0.15425580336822942
342,0.15946309240871448,1.01888,2.9912652135684206,0.013335837716003005,0.18887118798361402
343,0.09895904147026402,1.0988799999999999,0.005216080601336744,0.015154019534184823,0.22348657259899862
344,0.2011363210579129,1.17888,0.43322061574872894,0.01697220135236664,0.2581019572143833
345,0.05505737025616153,0.87488,0.8612251508961213,0.018790383170548458,0.2927173418297679
346,0.13291129795311613,0.95488,1.2892296860435135,0.020608564988730274,0.3273327264451525
347,0.2256793800307783,1.03488,1.7172342211909057,0.022426746806912094,0.3619481110605371
348,0.3273202950002832,1.1148799999999999,2.145238756338298,0.024244928625093913,0.39656349567592175
349,0.43508787359138307,1.19488,2.5732432914856904,0.02606311044327573,0.4311788802913063
350,0.001980889301458101,0.81408,0.06635958562239277,0.027881292261457545,0.46579426490669096
351,5.0154504528944835e-05,0.89408,0.494364120769785,0.029699474079639368,0.053072371415566685
352,0.02592645207262606,0.9740800000000001,0.9223686559171774,0.011682945154019533,0.0876877560309513
353,0.10075997195347008,1.05408,1.3503731910645698,0.013501126972201353,0.12230314064633592
354,0.1906324185579823,1.13408,1.778377726211962,0.015319308790383169,0.15691852526172054
355,0.04837577475938423,0.83008,2.2063822613593542,0.01713749060856499,0.19153390987710517
356,0.11589277998307124,0.91008,2.6343867965067465,0.018955672426746804,0.22614929449248977
357,0.03337642268837804,0.99008,0.12750309064344884,0.020773854244928624,0.2607646791078744
358,0.13735472371537927,1.07008,0.555507625790841,0.02259203606311044,0.295380063723259
359,0.24185911701462415,1.15008,0.9835121609382333,0.02441021788129226,0.32999544833864364
360,0.10320122803943399,0.84608,1.4115166960856256,0.026228399699474075,0.36461083295402824
361,0.18854443942492316,0.92608,1.839521231233018,0.0280465815176559,0.39922621756941284
362,0.2857646083173867,1.00608,2.2675257663804107,0.029864763335837714,0.43384160218479745
363,0.3676932882818839,1.08608,2.6955303015278025,0.010045078888054094,0.4684569868001821
364,0.16831546137216946,1.16608,0.18864659566450487,0.011863260706235912,0.05573509330905781
365,0.0005985823430719184,0.8620800000000001,0.6166511308118972,0.01368144252441773,0.09035047792444242
366,0.030916578127079097,0.94208,1.0446556659592894,0.015499624342599548,0.12496586253982704
367,0.10293059757077372,1.02208,1.4726602011066818,0.017317806160781365,0.15958124715521166
368,0.1922332349855287,1.10208,1.9006647362540738,0.01913598797896318,0.19419663177059626
369,0.28980334854916956,1.18208,2.3286692714014663,0.020954169797145004,0.22881201638598092
370,0.12857536449528562,0.87808,2.7566738065488585,0.02277235161532682,0.2634274010013655
371,0.041791299676528726,0.95808,0.2497901006855609,0.02459053343350864,0.29804278561675007
372,0.1401549506591795,1.03808,0.6777946358329531,0.02640871525169046,0.33265817023213473
373,0.2448668704055561,1.11808,1.1057991709803454,0.028226897069872275,0.36727355484751933
374,0.33735927577782965,1.19808,1.5338037061277379,0.010210368144252443,0.40188893946290394
375,0.13682396464341734,0.8019200000000001,1.9618082412751299,0.01202854996243426,0.43650432407828854
376,0.22210806731590027,0.88192,2.3898127764225223,0.013846731780616078,0.4711197086936732
377,0.04010931308673915,0.96192,2.8178173115699146,0.015664913598797896,0.058397815202548935
378,0.0526761450799228,1.04192,0.31093360570661693,0.017483095416979712,0.09301319981793355
379,0.1428371394096527,1.12192,0.7389381408540092,0.01930127723516153,0.12762858443331818
380,0.012860385444974892,0.8179200000000001,1.1669426760014014,0.02111945905334335,0.1622439690487028
381,0.06274265748652452,0.89792,1.5949472111487937,0.022937640871525167,0.1968593536640874
382,0.1399421716537027,0.97792,2.022951746296186,0.024755822689706986,0.23147473827947201
383,0.23189412919412172,1.05792,2.4509562814435784,0.026574004507888806,0.2660901228948566
384,0.3325682973206927,1.13792,2.8789608165909706,0.02839218632607062,0.3007055075102412
385,0.019745638836597967,0.83392,0.37207711072767297,0.010375657400450789,0.3353208921256259
386,0.09055630592651853,0.9139200000000001,0.8000816458750653,0.012193839218632607,0.36993627674101043
387,0.1808584120047475,0.99392,1.2280861810224577,0.014012021036814426,0.4045516613563951
388,0.2810361825596959,1.07392,1.6560907161698497,0.015830202854996242,0.4391670459717797
389,0.387765521548328,1.15392,2.084095251317242,0.01764838467317806,0.47378243058716435
390,0.005136798105058335,0.84992,2.5120997864646344,0.019466566491359878,0.061060537096040056
391,0.056506500447078556,0.9299200000000001,2.9401043216120266,0.021284748309541697,0.09567592171142467
392,0.01259575582805128,1.00992,0.013950867032916179,0.023102930127723516,0.1302913063268093
393,0.1125932055958242,1.08992,0.4419554021803084,0.024921111945905332,0.1649066909421939
394,0.21046758369401164,1.16992,0.8699599373277007,0.026739293764087152,0.19952207555757856
395,0.05584929636886299,0.86592,1.297964472475093,0.028557475582268968,0.23413746017296316
396,0.11780059637414486,0.94592,1.7259690076224852,0.010540946656649137,0.26875284478834777
397,0.20342082958358815,1.02592,2.1539735427698776,0.012359128474830955,0.30336822940373237
398,0.2993034791592919,1.10592,2.58197807791727,0.014177310293012772,0.337983614019117
399,0.18924247006647132,1.1859199999999999,0.07509437205397222,0.01599549211119459,0.3725989986345016
400,0.035453825643598696,0.8051200000000001,0.5030989072013644,0.017813673929376408,0.40721438324988624
401,0.11376474946821041,0.88512,0.9311034423487569,0.019631855747558224,0.44182976786527084
402,0.20875522873001218,0.96512,1.359107977496149,0.021450037565740043,0.47644515248065544
403,0.0928692156235037,1.04512,1.7871125126435414,0.023268219383921863,0.06372325898953118
404,0.18789013633169083,1.12512,2.2151170477909337,0.025086401202103682,0.09833864360491579
405,0.032682472105312665,0.8211200000000001,2.643121582938326,0.026904583020285498,0.1329540282203004
406,0.0012982551581213753,0.90112,0.13623787707502827,0.028722764838467314,0.16756941283568502
407,0.05356724868831464,0.98112,0.5642424122224204,0.010706235912847483,0.20218479745106965
408,0.1373023174366178,1.06112,0.9922469473698128,0.0125244177310293,0.23680018206645426
409,0.23157420371409143,1.14112,1.420251482517205,0.014342599549211119,0.27141556668183886
410,0.09138051967083227,0.8371200000000001,1.8482560176645975,0.016160781367392935,0.30603095129722346
411,0.16967039978648296,0.91712,2.2762605528119897,0.017978963185574754,0.3406463359126081
412,0.26106540267508493,0.99712,2.704265087959382,0.019797145003756574,0.3752617205279927
413,0.12274491327006354,1.0771199999999999,0.1973813820960843,0.02161532682193839,0.4098771051433774
414,0.25042700446730926,1.15712,0.6253859172434765,0.02343350864012021,0.44449248975876193
415,0.12332563672258673,0.85312,1.0533904523908688,0.02525169045830203,0.4791078743741466
416,0.01868802586735807,0.9331200000000001,1.481394987538261,0.027069872276483845,0.0663859808830223
417,0.09426446564689417,1.01312,1.9093995226856533,0.02888805409466566,0.10100136549840692
418,0.15710569889939308,1.0931199999999999,2.3374040578330457,0.01087152516904583,0.13561675011379154
419,0.25128700004459203,1.17312,2.765408592980438,0.012689706987227649,0.17023213472917617
420,0.004308407470060879,0.86912,0.25852488711714033,0.014507888805409467,0.2048475193445608
421,0.05833173258933738,0.94912,0.6865294222645325,0.01632607062359128,0.2394629039599454
422,0.1417612034459771,1.02912,1.1145339574119248,0.0181442524417731,0.27407828857533
423,0.23720163811397155,1.1091199999999999,1.5425384925593173,0.01996243425995492,0.30869367319071456
424,0.3397230589111846,1.18912,1.9705430277067093,0.021780616078136736,0.3433090578060992
425,0.14041279032026566,0.80832,2.3985475628541018,0.023598797896318555,0.3779244424214838
426,0.22605651157588835,0.88832,2.826552098001494,0.025416979714500375,0.4125398270368685
427,0.08747942655548868,0.9683200000000001,0.31966839213819637,0.02723516153268219,0.447155211652253
428,0.204362946138558,1.04832,0.7476729272855885,0.029053343350864007,0.4817705962676377
429,0.14237998753551517,1.12832,1.1756774624329809,0.011036814425244177,0.06904870277651343
430,0.005198008537430229,0.82432,1.603681997580373,0.012854996243425995,0.10366408739189806
431,0.04511635987889223,0.90432,2.0316865327277656,0.014673178061607815,0.13827947200728266
432,0.11732692194795585,0.9843200000000001,2.459691067875158,0.01649135987978963,0.1728948566226673
433,0.20612298752136637,1.06432,2.88769560302255,0.01830954169797145,0.2075102412380519
434,0.16641164493277794,1.14432,0.38081189715925234,0.020127723516153266,0.2421256258534365
435,0.03630045583133626,0.8403200000000001,0.8088164323066446,0.021945905334335086,0.27674101046882116
436,0.10616955254640381,0.92032,1.2368209674540371,0.0237640871525169,0.3113563950842057
437,0.19475963835782506,1.00032,1.6648255026014291,0.02558226897069872,0.34597177969959036
438,0.29395310711547684,1.08032,2.0928300377488216,0.027400450788880537,0.38058716431497497
439,0.40009315642910503,1.16032,2.520834572896214,0.029218632607062353,0.41520254893035957
440,0.22183232395082786,0.8563200000000001,2.948839108043606,0.011202103681442525,0.4498179335457442
441,0.007116225629718892,0.93632,0.022685653464495612,0.013020285499624343,0.48443331816112883
442,0.032927371844270414,1.0163200000000001,0.4506901886118878,0.014838467317806161,0.07171142467000455
443,0.11839176200306878,1.09632,0.8786947237592801,0.016656649135987977,0.10632680928538916
444,0.21070412919033576,1.17632,1.3066992589066724,0.018474830954169796,0.14094219390077378
445,0.04598685899224536,0.87232,1.7347037940540646,0.020293012772351612,0.17555757851615844
446,0.11652997543348109,0.95232,2.162708329201457,0.022111194590533432,0.21017296313154304
447,0.2045037321936266,1.0323200000000001,2.5907128643488493,0.02392937640871525,0.24478834774692765
448,0.11801630854346068,1.11232,0.08382915848555164,0.025747558226897067,0.27940373236231225
449,0.23321946675055816,1.19232,0.5118336936329438,0.02756574004507889,0.31401911697769685
450,0.05569650195497822,0.81152,0.9398382287803362,0.029383921863260706,0.3486345015930815
451,0.12381168579947988,0.89152,1.3678427639277284,0.011367392937640872,0.38324988620846606
452,0.21226343759835475,0.97152,1.7958472990751206,0.01318557475582269,0.4178652708238507
453,0.31077623216568206,1.05152,2.223851834222513,0.015003756574004507,0.4524806554392353
454,0.4162842907557881,1.13152,2.6518563693699053,0.016821938392186323,0.48709604005462
455,8.2218210395349e-14,0.82752,0.1449726635066077,0.018640120210368143,0.07437414656349568
456,0.006093913882661561,0.90752,0.5729771986539999,0.020458302028549962,0.1089895311788803
457,0.061194969855272396,0.98752,1.0009817338013922,0.022276483846731778,0.14360491579426493
458,0.14618792834058647,1.06752,1.4289862689487844,0.024094665664913598,0.17822030040964953
459,0.24210948743423621,1.14752,1.856990804096177,0.025912847483095414,0.21283568502503414
460,0.08994168087945664,0.84352,2.284995339243569,0.027731029301277237,0.24745106964041874
461,0.16987270164157747,0.92352,2.7129998743909614,0.029549211119459053,0.2820664542558034
462,0.06033600813419948,1.00352,0.20611616852766373,0.011532682193839218,0.316681838871188
463,0.1670995700737583,1.08352,0.634120703675056,0.013350864012021037,0.3512972234865726
464,0.27357302662417793,1.16352,1.0621252388224482,0.015169045830202853,0.3859126081019572
465,0.13350983791588433,0.8595200000000001,1.4901297739698405,0.016987227648384673,0.42052799271734187
466,0.2231845589146329,0.93952,1.9181343091172327,0.01880540946656649,0.4551433773327265
467,0.322846954842366,1.01952,2.346138844264625,0.02062359128474831,0.4897587619481111
468,0.16682384048803167,1.09952,2.7741433794120174,0.022441773102930128,0.0770368684569868
469,0.18600900590747016,1.1795200000000001,0.26725967354871977,0.024259954921111944,0.11165225307237142
470,0.01051055614518781,0.8755200000000001,0.6952642086961119,0.02607813673929376,0.14626763768775602
471,0.06687165468749795,0.95552,1.1232687438435043,0.027896318557475583,0.18088302230314068
472,0.1513025558138824,1.03552,1.5512732789908967,0.0297145003756574,0.2154984069185253
473,0.22544142950533153,1.11552,1.9792778141382887,0.011697971450037566,0.2501137915339099
474,0.3236306517922587,1.1955200000000001,2.407282349285681,0.013516153268219384,0.2847291761492945
475,0.12462932086710754,0.81472,2.8352868844330734,0.015334335086401201,0.3193445607646791
476,0.03654169003923885,0.8947200000000001,0.3284031785697758,0.01715251690458302,0.3539599453800637
477,0.12608778038471824,0.97472,0.7564077137171681,0.018970698722764835,0.3885753299954483
478,0.22700590710272828,1.05472,1.1844122488645603,0.020788880540946658,0.42319071461083296
479,0.33432974043255487,1.13472,1.6124167840119523,0.022607062359128474,0.45780609922621757
480,0.18899549522702985,0.83072,2.040421319159345,0.02442524417731029,0.49242148384160217
481,0.034058978220068814,0.9107200000000001,2.468425854306737,0.026243425995492106,0.07969959035047793
482,0.11349310068001273,0.99072,2.8964303894541295,0.02806160781367393,0.11431497496586254
483,0.0926074749149588,1.0707200000000001,0.38954668359083183,0.029879789631855745,0.14893035958124717
484,0.1768273868382444,1.15072,0.817551218738224,0.010060105184072127,0.18354574419663178
485,0.036005835382020956,0.84672,1.2455557538856163,0.011878287002253945,0.21816112881201638
486,0.09995497520929159,0.92672,1.6735602890330086,0.013696468820435763,0.25277651342740104
487,0.1830364040104842,1.00672,2.101564824180401,0.01551465063861758,0.28739189804278564
488,0.27751178305775065,1.08672,2.5295693593277933,0.0173328324567994,0.3220072826581702
489,0.3795891403357722,1.16672,2.9575738944751855,0.019151014274981216,0.35662266727355485
490,0.00039412998165599955,0.86272,0.03142043989607505,0.020969196093163032,0.39123805188893945
491,0.0889894749478981,0.94272,0.45942497504346724,0.02278737791134485,0.4258534365043241
492,0.19484183300828622,1.02272,0.8874295101908597,0.024605559729526667,0.46046882111970866
493,0.3057165775482922,1.10272,1.315434045338252,0.02642374154770849,0.4950842057350933
494,0.2317549670591501,1.18272,1.743438580485644,0.028241923365890306,0.08236231224396906
495,0.02598315345423735,0.8787200000000001,2.1714431156330365,0.010225394440270473,0.11697769685935366
496,0.0886198471898671,0.95872,2.5994476507804287,0.012043576258452291,0.15159308147473827
497,0.04834001338388505,1.03872,0.09256394491713109,0.013861758076634109,0.18620846609012287
498,0.14862008805820504,1.11872,0.5205684800645233,0.015679939894815927,0.22082385070550753
499,0.2477755579803621,1.19872,0.9485730152119157,0.017498121712997746,0.25543923532089213
500,0.053013764389225504,0.80256,1.376577550359308,0.019316303531179566,0.2900546199362768
501,0.122341930523094,0.88256,1.8045820855067,0.02113448534936138,0.32467000455166134
502,0.20869138313733893,0.9625600000000001,2.2325866206540925,0.022952667167543198,0.359285389167046
503,0.30584172697615747,1.04256,2.6605911558014848,0.024770848985725014,0.3939007737824306
504,0.1514371515537436,1.12256,0.15370744993818714,0.026589030803906837,0.4285161583978152
505,0.06027128975859186,0.8185600000000001,0.5817119850855793,0.028407212622088653,0.4631315430131998
506,0.1443085518291316,0.89856,1.0097165202329716,0.010390683696468821,0.49774692762858447
507,0.02177225599534599,0.97856,1.4377210553803639,0.012208865514650639,0.05061447428311334
508,0.10087957919621482,1.05856,1.8657255905277563,0.014027047332832457,0.08522985889849796
509,0.1927804167729622,1.13856,2.2937301256751486,0.015845229151014273,0.11984524351388258
510,0.043312060584669576,0.8345600000000001,2.721734660822541,0.017663410969196092,0.1544606281292672
511,0.007352923281162965,0.91456,0.21485095495924317,0.019481592787377912,0.1890760127446518
512,0.07492915894658814,0.99456,0.6428554901066353,0.021299774605559728,0.2236913973600364
513,0.16549271319215209,1.07456,1.070860025254028,0.023117956423741544,0.25830678197542106
514,0.26486688564378025,1.15456,1.4988645604014201,0.024936138241923363,0.29292216659080567
515,0.11693495363098222,0.85056,1.9268690955488121,0.026754320060105183,0.32753755120619027
516,0.2019908852982183,0.93056,2.3548736306962046,0.028572501878287,0.3621529358215749
517,0.27713249855514044,1.01056,2.7828781658435964,0.010555972952667168,0.39676832043695953
518,0.14844210616124254,1.09056,0.2759944599802992,0.012374154770848985,0.43138370505234414
519,0.2725891085542813,1.17056,0.7039989951276914,0.014192336589030803,0.46599908966772874
520,0.00025046032136455745,0.86656,1.1320035302750837,0.016010518407212623,0.053277196176604466
521,0.030270788967181217,0.9465600000000001,1.560008065422476,0.017828700225394442,0.08789258079198908
522,0.10566666214962595,1.02656,1.9880126005698682,0.019646882043576258,0.1225079654073737
523,0.19733855389391552,1.10656,2.4160171357172606,0.021465063861758074,0.15712335002275832
524,0.2962503836250392,1.18656,2.844021670864653,0.023283245679939894,0.19173873463814295
525,0.0028650075063989186,0.80576,0.3371379650013553,0.025101427498121713,0.22635411925352755
526,0.045901745187764575,0.88576,0.7651425001487476,0.02691960931630353,0.26096950386891216
527,0.12362632965640113,0.9657600000000001,1.19314703529614,0.028737791134485345,0.2955848884842968
528,0.20218143829738827,1.04576,1.6211515704435318,0.010721262208865514,0.3302002730996814
529,0.29988819312087633,1.12576,2.0491561055909244,0.012539444027047333,0.364815657715066
530,0.1556974853244999,0.82176,2.4771606407383167,0.01435762584522915,0.3994310423304507
531,0.24232719857575574,0.90176,2.905165175885709,0.01617580766341097,0.4340464269458353
532,0.11060837346061642,0.98176,0.3982814700224112,0.01799398948159279,0.4686618115612199
533,0.07951829788829279,1.06176,0.8262860051698036,0.019812171299774604,0.05593991807009559
534,0.17116036814584568,1.14176,1.254290540317196,0.02163035311795642,0.0905553026854802
535,0.016065533514209113,0.8377600000000001,1.682295075464588,0.02344853493613824,0.12517068730086484
536,0.07187813856053987,0.91776,2.1102996106119805,0.02526671675432006,0.15978607191624944
537,0.15364901794251196,0.99776,2.5383041457593727,0.027084898572501875,0.19440145653163404
538,0.24852016871947358,1.07776,2.966308680906765,0.02890308039068369,0.2290168411470187
539,0.15824311487640086,1.15776,0.04015522632765448,0.010886551465063862,0.2636322257624033
540,0.02477156323595811,0.8537600000000001,0.46815976147504673,0.01270473328324568,0.2982476103777879
541,0.09542688050473108,0.93376,0.896164296622439,0.014522915101427497,0.3328629949931725
542,0.1849660167415556,1.01376,1.3241688317698312,0.016341096919609315,0.3674783796085571
543,0.2844168985844702,1.09376,1.7521733669172235,0.018159278737791135,0.4020937642239418
544,0.3904582310231844,1.17376,2.180177902064616,0.01997746055597295,0.4367091488393263
545,0.2330138308824693,0.8697600000000001,2.608182437212008,0.021795642374154767,0.471324533454711
546,2.373418442220762e-05,0.94976,0.10129873134871052,0.023613824192336586,0.058602639963586715
547,0.054089459699653064,1.02976,0.5293032664961027,0.025432006010518406,0.09321802457897133
548,0.14550816543181566,1.10976,0.9573078016434952,0.02725018782870022,0.12783340919435593
549,0.24268564478252164,1.18976,1.3853123367908875,0.029068369646882038,0.16244879380974056
550,0.03228142628700567,0.80896,1.8133168719382795,0.011051840721262208,0.1970641784251252
551,0.09091241979588655,0.88896,2.241321407085672,0.012870022539444026,0.2316795630405098
552,0.1699569310561984,0.96896,2.669325942233064,0.014688204357625845,0.2662949476558944
553,0.07951010590020591,1.04896,0.16244223636976657,0.01650638617580766,0.300910332271279
554,0.19235029280235505,1.12896,0.5904467715171587,0.01832456799398948,0.33552571688666366
555,0.07002989642604879,0.82496,1.018451306664551,0.020142749812171297,0.37014110150204826
556,0.14999593446762094,0.90496,1.4464558418119433,0.021960931630353116,0.40475648611743287
557,0.24402554806055093,0.9849600000000001,1.8744603769593358,0.023779113448534932,0.43937187073281747
558,0.3469051599732858,1.06496,2.302464912106728,0.025597295266716752,0.47398725534820213
559,0.2178030393217414,1.14496,2.73046944725412,0.027415477084898568,0.06126536185707784
560,1.1846268998444757e-06,0.84096,0.2235857413908226,0.029233658903080384,0.09588074647246245
561,0.01408297784587595,0.92096,0.6515902765382149,0.011217129977460556,0.13049613108784708
562,0.07563963131282664,1.00096,1.0795948116856073,0.013035311795642374,0.16511151570323168
563,0.16023921680622066,1.08096,1.5075993468329993,0.014853493613824192,0.19972690031861629
564,0.2547932117240044,1.16096,1.9356038819803913,0.01667167543200601,0.23434228493400094
565,0.1036453224772399,0.85696,2.363608417127784,0.018489857250187827,0.26895766954938555
566,0.18443624276523873,0.93696,2.791612952275176,0.020308039068369643,0.30357305416477015
567,0.08448918073223333,1.01696,0.28472924641187863,0.022126220886551463,0.3381884387801548
568,0.19472301402566106,1.09696,0.7127337815592708,0.023944402704733282,0.3728038233955394
569,0.305377093814863,1.17696,1.1407383167066631,0.025762584522915098,0.407419208010924
570,0.15997876636336955,0.87296,1.5687428518540554,0.02758076634109692,0.4420345926263086
571,0.2550042473217529,0.95296,1.9967473870014476,0.029398948159278737,0.4766499772416933
572,0.07691993608809344,1.03296,2.42475192214884,0.011382419233658903,0.06392808375056896
573,0.1681819187489535,1.11296,2.8527564572962323,0.013200601051840722,0.09854346836595357
574,0.19843606385777623,1.19296,0.3458727514329347,0.01501878287002254,0.13315885298133817
575,0.005736784785807775,0.81216,0.7738772865803271,0.016836964688204357,0.1677742375967228
576,0.04667855113269348,0.8921600000000001,1.2018818217277192,0.018655146506386173,0.20238962221210743
577,0.11911073075354772,0.97216,1.6298863568751112,0.020473328324567993,0.23700500682749204
578,0.20822118561321612,1.05216,2.057890892022504,0.02229151014274981,0.27162039144287664
579,0.30687159234734507,1.13216,2.485895427169896,0.02410969196093163,0.3062357760582613
580,0.1550233226166271,0.82816,2.9138999623172883,0.025927873779113444,0.34085116067364596
581,0.055724317696318304,0.9081600000000001,0.4070162564539907,0.027746055597295267,0.3754665452890305
582,0.15228994636094972,0.98816,0.835020791601383,0.029564237415477083,0.41008192990441517
583,0.24650809546749375,1.06816,1.2630253267487754,0.01154770848985725,0.44469731451979977
584,0.3536449774772275,1.14816,1.6910298618961672,0.013365890308039068,0.47931269913518443
585,0.003101121420281225,0.84416,2.11903439704356,0.015184072126220888,0.06659080564406009
586,0.04529159858803006,0.9241600000000001,2.547038932190952,0.017002253944402704,0.1012061902594447
587,0.12317282398302853,1.00416,2.9750434673383443,0.01882043576258452,0.13582157487482932
588,0.08537657008992083,1.08416,0.048890012759233915,0.02063861758076634,0.17043695949021392
589,0.18425269406846545,1.1641599999999999,0.4768945479066261,0.022456799398948155,0.20505234410559858
590,0.03723527868630208,0.86016,0.9048990830540184,0.024274981217129975,0.2396677287209832
591,0.10749094209288373,0.94016,1.3329036182014107,0.02609316303531179,0.2742831133363678
592,0.19643209166728237,1.02016,1.7609081533488031,0.027911344853493614,0.3088984979517524
593,0.2957671335656046,1.10016,2.188912688496196,0.02972952667167543,0.343513882567137
594,0.3762010030377991,1.1801599999999999,2.6169172236435876,0.011712997746055597,0.3781292671825216
595,0.011603871215875389,0.87616,0.11003351778028997,0.013531179564237415,0.41274465179790626
596,0.1099052578295121,0.95616,0.5380380529276821,0.015349361382419234,0.44736003641329086
597,0.2165055820461973,1.03616,0.9660425880750746,0.01716754320060105,0.48197542102867547
598,0.14396489902034104,1.11616,1.394047123222467,0.01898572501878287,0.06925352753755121
599,0.23729935187571616,1.19616,1.8220516583698592,0.020803906836964686,0.10386891215293582
600,0.024426757441027125,0.8153600000000001,2.250056193517252,0.0226220886551465,0.13848429676832044
601,0.08382499035001406,0.89536,2.6780607286646436,0.02444027047332832,0.17309968138370507
602,0.024648940518359863,0.97536,0.171177022801346,0.026258452291510137,0.20771506599908968
603,0.11751972692743684,1.0553599999999999,0.5991815579487382,0.02807663410969196,0.24233045061447428
604,0.21817214320800538,1.13536,1.0271860930961305,0.029894815927873776,0.27694583522985894
605,0.0717895540070303,0.8313600000000001,1.4551906282435227,0.010075131480090158,0.31156121984524354
606,0.1460145222545775,0.9113600000000001,1.8831951633909154,0.011893313298271976,0.34617660446062815
607,0.23467623939546534,0.99136,2.311199698538308,0.013711495116453793,0.38079198907601275
608,0.33290988709168345,1.0713599999999999,2.7392042336857,0.015529676934635611,0.4154073736913974
609,0.19027018791248873,1.15136,0.23232052782240203,0.01734785875281743,0.450022758306782
610,0.08368150547233133,0.84736,0.6603250629697943,0.01916604057099925,0.4846381429221666
611,0.010188260522096898,0.9273600000000001,1.0883295981171865,0.020984222389181066,0.07191624943104233
612,0.07487997208360908,1.00736,1.516334133264579,0.022802404207362882,0.10653163404642695
613,0.16419657511077013,1.0873599999999999,1.9443386684119712,0.0246205860255447,0.14114701866181156
614,0.26184917628886717,1.16736,2.3723432035593635,0.02643876784372652,0.17576240327719622
615,0.09686792074005596,0.86336,2.8003477387067557,0.028256949661908337,0.21037778789258083
616,0.02889578069740628,0.94336,0.29346403284345807,0.010240420736288506,0.24499317250796543
617,0.1120790935663144,1.02336,0.7214685679908502,0.012058602554470324,0.2796085571233501
618,0.20708942756254212,1.10336,1.1494731031382426,0.013876784372652141,0.31422394173873464
619,0.30862795146596733,1.18336,1.5774776382856353,0.015694966190833957,0.3488393263541193
620,0.15718112224090014,0.87936,2.0054821734330273,0.017513148009015777,0.3834547109695039
621,0.24723827341367122,0.95936,2.4334867085804195,0.019331329827197596,0.41807009558488856
622,0.34669616513964535,1.03936,2.8614912437278117,0.021149511645379412,0.4526854802002731
623,0.19584451914385137,1.11936,0.3546075378645141,0.02296769346356123,0.48730086481565776
624,0.21859373549014915,1.19936,0.7826120730119064,0.024785875281743048,0.07457897132453346
625,0.0025255711671886352,0.8001280000000001,1.2106166081592986,0.026604057099924867,0.10919435593991808
626,0.03649427520180465,0.880128,1.6386211433066908,0.028422238918106683,0.14380974055530268
627,0.08990537195164278,0.960128,2.0666256784540833,0.010405709992486852,0.17842512517068732
628,0.17221599746206784,1.040128,2.494630213601476,0.01222389181066867,0.21304050978607192
629,0.2658017164753671,1.120128,2.9226347487488678,0.014042073628850488,0.24765589440145652
630,0.011662746933349816,0.8161280000000001,0.4157510428855701,0.015860255447032304,0.28227127901684124
631,0.06998728569687163,0.896128,0.8437555780329623,0.017678437265214123,0.3168866636322258
632,0.15362044826415772,0.976128,1.2717601131803549,0.019496619083395943,0.35150204824761044
633,0.24981266730201607,1.056128,1.699764648327747,0.02131480090157776,0.38611743286299505
634,0.35376875097481875,1.136128,2.1277691834751393,0.023132982719759578,0.42073281747837965
635,0.2017105465538347,0.8321280000000001,2.555773718622532,0.024951164537941394,0.45534820209376425
636,0.295320015251667,0.912128,2.9837782537699242,0.026769346356123214,0.4899635867091489
637,0.004663928713177723,0.992128,0.057624799190813356,0.02858752817430503,0.07724169321802458
638,0.08448823754101431,1.072128,0.4856293343382056,0.010570999248685198,0.1118570778334092
639,0.1737770789577915,1.152128,0.9136338694855979,0.012389181066867018,0.1464724624487938
640,0.027510571999105726,0.848128,1.3416384046329901,0.014207362885048834,0.18108784706417846
641,0.08782663093245235,0.9281280000000001,1.7696429397803826,0.016025544703230653,0.215703231679563
642,0.16941844756973568,1.008128,2.197647474927775,0.017843726521412473,0.25031861629494767
643,0.2631088684543509,1.088128,2.625652010075167,0.01966190833959429,0.2849340009103323
644,0.17471134632248386,1.168128,0.1187683042118694,0.021480090157776105,0.3195493855257169
645,0.04697245373580472,0.864128,0.5467728393592616,0.023298271975957924,0.35416477014110154
646,0.13079525907629191,0.944128,0.9747773745066539,0.025116453794139744,0.38878015475648614
647,0.22875267256651005,1.024128,1.4027819096540461,0.02693463561232156,0.42339553937187074
648,0.3346585070832301,1.104128,1.8307864448014386,0.028752817430503376,0.45801092398725535
649,0.4259805502479813,1.1841279999999998,2.2587909799488313,0.010736288504883547,0.49262630860264
650,0.004093139085307521,0.803328,2.686795515096223,0.012554470323065364,0.0799044151115157
651,9.11448471744786e-05,0.883328,0.17991180923292543,0.014372652141247182,0.11451979972690032
652,0.03310737906695588,0.963328,0.6079163443803176,0.016190833959429,0.14913518434228495
653,0.11030631422374837,1.043328,1.03592087952771,0.01800901577761082,0.18375056895766956
654,0.20215667806907867,1.1233279999999999,1.4639254146751022,0.019827197595792635,0.21836595357305416
655,0.06494535892681474,0.8193280000000001,1.8919299498224948,0.02164537941397445,0.2529813381884388
656,0.13729731719975624,0.899328,2.3199344849698873,0.023463561232156274,0.2875967228038234
657,0.2253708212957986,0.979328,2.7479390201172795,0.02528174305033809,0.322212107419208
658,0.10930413024940788,1.059328,0.24105531425398147,0.027099924868519906,0.3568274920345927
659,0.2284128092994544,1.139328,0.6690598494013738,0.028918106686701722,0.39144287664997723
660,0.09563798841401772,0.8353280000000001,1.097064384548766,0.010901577761081893,0.4260582612653619
661,0.1810942320937346,0.915328,1.5250689196961584,0.01271975957926371,0.4606736458807465
662,0.2781137632501649,0.995328,1.9530734548435507,0.01453794139744553,0.49528903049613116
663,0.12711048480462706,1.0753279999999998,2.381077989990943,0.016356123215627346,0.08256713700500683
664,0.22235290171699873,1.155328,2.809082525138335,0.018174305033809166,0.11718252162039144
665,0.0009488206793991337,0.8513280000000001,0.30219881927503744,0.01999248685199098,0.15179790623577605
666,0.03797265323274801,0.931328,0.7302033544224297,0.021810668670172798,0.18641329085116065
667,0.11432398846042946,1.011328,1.158207889569822,0.02362885048835462,0.2210286754665453
668,0.20674087549818287,1.0913279999999999,1.5862124247172145,0.025447032306536436,0.2556440600819299
669,0.3073773312962069,1.171328,2.0142169598646067,0.027265214124718253,0.2902594446973146
670,0.1499086706606359,0.867328,2.442221495011999,0.02908339594290007,0.3248748293126992
671,0.21867229092226242,0.947328,2.870226030159391,0.01106686701728024,0.3594902139280838
672,0.11246320328743475,1.027328,0.3633423242960936,0.012885048835462059,0.3941055985434684
673,0.22480398733599716,1.1073279999999999,0.7913468594434858,0.014703230653643876,0.42872098315885304
674,0.3372621081513627,1.187328,1.219351394590878,0.016521412471825696,0.46333636777423765
675,0.14976377556507509,0.806528,1.6473559297382703,0.018339594290007512,0.49795175238962225
676,0.00487586096411341,0.886528,2.0753604648856627,0.020157776108189328,0.05081929904415112
677,0.0621878480191399,0.966528,2.5033650000330554,0.02197595792637115,0.08543468365953574
678,0.15029665980258644,1.046528,2.931369535180447,0.023794139744552967,0.12005006827492035
679,0.14228154240715585,1.126528,0.42448582931714957,0.025612321562734786,0.15466545289030498
680,0.013419035042187527,0.822528,0.8524903644645417,0.0274305033809166,0.18928083750568958
681,0.06675397803912186,0.902528,1.280494899611934,0.029248685199098415,0.22389622212107418
682,0.1324856996764182,0.9825280000000001,1.7084994347593265,0.011232156273478587,0.25851160673645884
683,0.22122791768386008,1.062528,2.1365039699067188,0.013050338091660405,0.2931269913518434
684,0.31907274383547,1.142528,2.5645085050541114,0.014868519909842223,0.32774237596722805
685,0.16809458010351608,0.838528,2.992513040201503,0.016686701728024042,0.36235776058261265
686,3.7051939492947165e-05,0.918528,0.006463907234419521,0.018504883546205858,0.39697314519799726
687,0.11622524934896578,0.9985280000000001,0.43446844238181176,0.020323065364387674,0.43158852981338186
688,0.22935209815429664,1.078528,0.8624729775292039,0.022141247182569497,0.4662039144287665
689,0.18900532513991886,1.158528,1.2904775126765962,0.023959429000751313,0.05348202093764224
690,0.009066643688962706,0.8545280000000001,1.7184820478239886,0.02577761081893313,0.08809740555302686
691,0.06331831185003634,0.934528,2.1464865829713813,0.027595792637114952,0.12271279016841148
692,0.14735150651109075,1.014528,2.574491118118773,0.029413974455296768,0.1573281747837961
693,0.0959971558929249,1.094528,0.06760741225547556,0.011397445529676935,0.19194355939918067
694,0.19407747054546676,1.174528,0.4956119474028678,0.013215627347858753,0.22655894401456533
695,0.04602590219717667,0.870528,0.9236164825502601,0.01503380916604057,0.26117432862994994
696,0.11855686569413187,0.950528,1.3516210176976524,0.01685199098422239,0.29578971324533454
697,0.20760859871965365,1.030528,1.7796255528450449,0.018670172802404204,0.3304050978607192
698,0.30638244648621693,1.110528,2.2076300879924373,0.020488354620586027,0.3650204824761038
699,0.41179052080022266,1.190528,2.635634623139829,0.022306536438767843,0.3996358670914884
700,0.005906687117098838,0.809728,0.1287509172765316,0.02412471825694966,0.434251251706873
701,0.08771890483484102,0.8897280000000001,0.5567554524239239,0.025942900075131475,0.46886663632225767
702,0.019976313099282217,0.969728,0.984759987571316,0.0277610818933133,0.05614474283113337
703,0.1028237126959366,1.049728,1.4127645227187082,0.029579263711495114,0.09076012744651799
704,0.17069387500478883,1.129728,1.840769057866101,0.011562734785875281,0.12537551206190262
705,0.03235587409937543,0.825728,2.2687735930134934,0.013380916604057099,0.15999089667728722
706,0.0932937092375653,0.905728,2.6967781281608856,0.015199098422238919,0.19460628129267182
707,0.03420671300660261,0.985728,0.18989442229758763,0.017017280240420735,0.22922166590805648
708,0.12898275035157725,1.065728,0.6178989574449799,0.018835462058602554,0.2638370505234411
709,0.22902610480272512,1.145728,1.045903492592372,0.020653643876784374,0.29845243513882563
710,0.09045706066361192,0.841728,1.4739080277397645,0.02247182569496619,0.3330678197542103
711,0.17167749743614663,0.921728,1.9019125628871567,0.024290007513148006,0.36768320436959484
712,0.26582395662563163,1.001728,2.329917098034549,0.02610818933132983,0.4022985889849795
713,0.36845786757910803,1.081728,2.757921633181941,0.027926371149511645,0.4369139736003641
714,0.20739106392124573,1.161728,0.25103792731864366,0.02974455296769346,0.47152935821574876
715,1.6923431948735095e-05,0.857728,0.6790424624660358,0.01172802404207363,0.05880746472462449
716,0.01863064847383411,0.937728,1.107046997613428,0.013546205860255447,0.0934228493400091
717,0.08566762358278535,1.017728,1.5350515327608207,0.015364387678437265,0.1280382339553937
718,0.17318201380856513,1.097728,1.9630560679082127,0.01718256949661908,0.16265361857077837
719,0.26923925890735345,1.177728,2.3910606030556054,0.0190007513148009,0.19726900318616297
720,0.10821574751408358,0.8737280000000001,2.819065138202997,0.02081893313298272,0.23188438780154758
721,0.040251053559054395,0.953728,0.31218143233969975,0.022637114951164536,0.2664997724169322
722,0.13172532266123127,1.033728,0.740185967487092,0.024455296769346355,0.3011151570323168
723,0.2326014986135485,1.113728,1.168190502634484,0.026273478587528175,0.3357305416477014
724,0.3390730012741018,1.1937280000000001,1.5961950377818765,0.02809166040570999,0.370345926263086
725,0.14089617552837674,0.8129280000000001,2.0241995729292688,0.029909842223891807,0.40496131087847065
726,0.21225839559972642,0.892928,2.4522041080766614,0.010090157776108189,0.43957669549385525
727,0.3064272542520459,0.972928,2.8802086432240532,0.011908339594290007,0.47419208010923986
728,0.05914129220161457,1.052928,0.3733249373607557,0.013726521412471826,0.06147018661811561
729,0.1474412242463704,1.132928,0.8013294725081479,0.015544703230653642,0.09608557123350023
730,0.008135046235659887,0.828928,1.2293340076555404,0.01736288504883546,0.13070095584888486
731,0.053191204277585946,0.9089280000000001,1.6573385428029326,0.01918106686701728,0.16531634046426946
732,0.12828324956926884,0.988928,2.085343077950325,0.020999248685199097,0.19993172507965407
733,0.2188702602285788,1.068928,2.5133476130977175,0.022817430503380913,0.23454710969503872
734,0.3182690584802823,1.148928,2.9413521482451097,0.024635612321562732,0.26916249431042333
735,2.525578952036286e-08,0.844928,0.015198693665998955,0.026453794139744552,0.30377787892580793
736,0.058033112327247116,0.924928,0.4432032288133912,0.028271975957926368,0.33839326354119253
737,0.14494302782249047,1.004928,0.8712077639607834,0.010255447032306537,0.37300864815657714
738,0.24438692641247856,1.084928,1.2992122991081756,0.012073628850488355,0.4076240327719618
739,0.3499814083278977,1.164928,1.727216834255568,0.013891810668670172,0.4422394173873464
740,0.20048228055689016,0.860928,2.1552213694029607,0.01570999248685199,0.476854802002731
741,0.03202416228678234,0.940928,2.5832259045503525,0.017528174305033808,0.06413290851160675
742,0.02563849201481816,1.020928,0.076342198687055,0.019346356123215627,0.09874829312699136
743,0.11795736319534877,1.100928,0.5043467338344472,0.021164537941397443,0.13336367774237595
744,0.21277394907084124,1.180928,0.9323512689818395,0.02298271975957926,0.16797906235776058
745,0.04900354838272636,0.876928,1.3603558041292316,0.02480090157776108,0.20259444697314521
746,0.1220965123876473,0.956928,1.788360339276624,0.026619083395942898,0.23720983158852982
747,0.21209228013871295,1.036928,2.2163648744240168,0.028437265214124714,0.2718252162039144
748,0.28531891046871816,1.116928,2.6443694095714085,0.010420736288504883,0.306440600819299
749,0.20329565780660108,1.196928,0.13748570370811103,0.012238918106686703,0.3410559854346837
750,0.03236574509674897,0.800768,0.5654902388555032,0.014057099924868519,0.3756713700500683
751,0.10476584118180782,0.880768,0.9934947740028954,0.015875281743050338,0.41028675466545295
752,0.19534082478796205,0.9607680000000001,1.4214993091502877,0.017693463561232158,0.4449021392808375
753,0.2960887789158001,1.040768,1.8495038442976803,0.019511645379413974,0.47951752389622215
754,0.17053137330806778,1.120768,2.277508379445073,0.02132982719759579,0.06679563040509787
755,0.016384298326144908,0.816768,2.705512914592465,0.02314800901577761,0.10141101502048248
756,0.001008088253900502,0.896768,0.19862920872916706,0.024966190833959425,0.1360263996358671
757,0.04954590211606086,0.976768,0.6266337438765593,0.026784372652141245,0.1706417842512517
758,0.13516873465562418,1.056768,1.0546382790239515,0.02860255447032306,0.20525716886663636
759,0.2138279894941827,1.136768,1.4826428141713437,0.010586025544703231,0.23987255348202097
760,0.07586548031174567,0.8327680000000001,1.9106473493187361,0.012404207362885049,0.27448793809740557
761,0.14967114627370376,0.912768,2.3386518844661284,0.014222389181066867,0.3091033227127901
762,0.23785376524083007,0.992768,2.7666564196135206,0.016040570999248684,0.3437187073281748
763,0.12401652689851872,1.072768,0.2597727137502231,0.017858752817430504,0.3783340919435594
764,0.2431327912036827,1.152768,0.6877772488976153,0.01967693463561232,0.412949476558944
765,0.11402239043986206,0.8487680000000001,1.1157817840450075,0.021495116453794136,0.4475648611743286
766,0.20542458441117,0.928768,1.5437863191924002,0.023313298271975955,0.48218024578971325
767,0.07328641801003843,1.008768,1.9717908543397922,0.025131480090157775,0.06945835229858899
768,0.16687983526329342,1.088768,2.3997953894871844,0.02694966190833959,0.10407373691397362
769,0.26631872276079205,1.168768,2.8277999246345766,0.028767843726521407,0.13868912152935822
770,0.0030230586189915337,0.864768,0.3209162187712792,0.010751314800901577,0.17330450614474285
771,0.04882625714170469,0.944768,0.7489207539186714,0.012569496619083395,0.20791989076012746
772,0.12715378979461067,1.0247680000000001,1.1769252890660635,0.014387678437265215,0.24253527537551206
773,0.21915786392179692,1.104768,1.6049298242134558,0.01620586025544703,0.27715065999089666
774,0.31890579522768947,1.184768,2.032934359360848,0.01802404207362885,0.31176604460628127
775,0.12267518760035007,0.803968,2.460938894508241,0.019842223891810666,0.3463814292216659
776,0.2047662292420463,0.883968,2.8889434296556327,0.021660405709992482,0.38099681383705053
777,0.08693425380077818,0.963968,0.38205972379233516,0.0234785875281743,0.41561219845243513
778,0.19655164802273678,1.043968,0.8100642589397272,0.02529676934635612,0.45022758306781974
779,0.3091613720889628,1.123968,1.2380687940871198,0.027114951164537937,0.4848429676832044
780,0.001847141328385836,0.819968,1.666073329234512,0.028933132982719753,0.07212107419208011
781,0.0271056359858321,0.899968,2.0940778643819042,0.010916604057099925,0.10673645880746473
782,0.09296949564919443,0.979968,2.522082399529297,0.012734785875281743,0.14135184342284934
783,0.1788610810710486,1.059968,2.950086934676689,0.01455296769346356,0.17596722803823395
784,0.1403599562350477,1.139968,0.02393348009757839,0.016371149511645377,0.2105826126536186
785,0.011622235602288034,0.835968,0.4519380152449706,0.018189331329827196,0.2451979972690032
786,0.06932469439514066,0.915968,0.8799425503923628,0.020007513148009012,0.2798133818843878
787,0.15277212932994788,0.995968,1.307947085539755,0.02182569496619083,0.3144287664997724
788,0.24878330728518327,1.075968,1.7359516206871475,0.023643876784372648,0.3490441511151571
789,0.3524417198694101,1.155968,2.1639561558345397,0.025462058602554467,0.3836595357305416
790,0.19725648179534339,0.8519680000000001,2.591960690981932,0.027280240420736283,0.4182749203459263
791,0.02459555118698936,0.931968,0.08507698511863443,0.0290984222389181,0.4528903049613109
792,0.14803542844792433,1.011968,0.5130815202660267,0.011081893313298272,0.48750568957669554
793,0.10691978646891709,1.091968,0.9410860554134188,0.012900075131480091,0.07478379608557123
794,0.1969724148445503,1.1719680000000001,1.369090590560811,0.014718256949661907,0.10939918070095585
795,0.030821639568076126,0.8679680000000001,1.7970951257082035,0.016536438767843727,0.14401456531634046
796,0.09521498569162462,0.947968,2.225099660855596,0.018354620586025543,0.1786299499317251
797,0.17990900738529025,1.027968,2.653104196002988,0.02017280240420736,0.2132453345471097
798,0.11779899061468657,1.107968,0.14622049013969046,0.021990984222389178,0.2478607191624943
799,0.2261051013807499,1.1879680000000001,0.5742250252870827,0.023809166040570998,0.28247610377787896
800,0.04763940670226785,0.807168,1.0022295604344749,0.025627347858752814,0.31709148839326357
801,0.11956542992325958,0.8871680000000001,1.430234095581867,0.02744552967693463,0.35170687300864817
802,0.20898595909641532,0.967168,1.8582386307292598,0.029263711495116446,0.38632225762403277
803,0.2902405823901961,1.047168,2.286243165876652,0.01124718256949662,0.42093764223941743
804,0.3932446806456334,1.127168,2.714247701024044,0.013065364387678437,0.45555302685480203
805,0.021837215341840494,0.823168,0.2073639951607465,0.014883546205860255,0.49016841147018664
806,0.0017976545292285873,0.903168,0.6353685303081388,0.016701728024042073,0.07744651797906235
807,0.046585354463691,0.983168,1.063373065455531,0.018519909842223892,0.11206190259444698
808,0.1283244706712694,1.0631680000000001,1.4913776006029231,0.020338091660405705,0.14667728720983159
809,0.22206860070855938,1.143168,1.9193821357503154,0.022156273478587528,0.18129267182521625
810,0.07158898854391782,0.839168,2.347386670897708,0.023974455296769344,0.2159080564406008
811,0.14710629394407215,0.919168,2.7753912060451,0.02579263711495116,0.25052344105598545
812,0.061984333297260885,0.9991680000000001,0.2685075001818025,0.027610818933132983,0.28513882567137006
813,0.16604536267457415,1.079168,0.6965120353291948,0.0294290007513148,0.31975421028675466
814,0.2600808836443895,1.159168,1.124516570476587,0.011412471825694966,0.35436959490213926
815,0.1201346939411666,0.855168,1.5525211056239794,0.013230653643876784,0.38898497951752387
816,0.20600071789950225,0.935168,1.9805256407713716,0.015048835462058603,0.4236003641329085
817,0.30270347859972074,1.015168,2.408530175918764,0.01686701728024042,0.45821574874829313
818,0.4069147374076625,1.095168,2.836534711066156,0.01868519909842224,0.49283113336367773
819,0.18190571299702962,1.175168,0.3296510052028586,0.020503380916604058,0.08010923987255349
820,0.005056773715523086,0.871168,0.7576555403502507,0.022321562734785874,0.1147246244879381
821,0.0525371261678913,0.951168,1.185660075497643,0.02413974455296769,0.14934000910332274
822,0.1330557367587989,1.031168,1.6136646106450352,0.025957926371149506,0.18395539371870734
823,0.22734552826684806,1.111168,2.0416691457924276,0.02777610818933133,0.21857077833409194
824,0.3288966046291485,1.191168,2.4696736809398203,0.029594290007513145,0.25318616294947655
825,0.10446305210031764,0.8103680000000001,2.897678216087212,0.011577761081893314,0.2878015475648612
826,0.03457558218828927,0.890368,0.39079451022391465,0.013395942900075132,0.32241693218024575
827,0.11719141864628918,0.970368,0.8187990453713067,0.01521412471825695,0.3570323167956304
828,0.2135459370036037,1.050368,1.246803580518699,0.017032306536438765,0.391647701411015
829,0.31742832576974794,1.130368,1.6748081156660914,0.018850488354620585,0.4262630860263997
830,0.173327188226162,0.826368,2.1028126508134837,0.020668670172802404,0.4608784706417842
831,0.2649020366812075,0.9063680000000001,2.5308171859608763,0.02248685199098422,0.4954938552571689
832,0.08674701260782758,0.986368,2.958821721108268,0.024305033809166036,0.08277196176604462
833,0.06722758458402955,1.066368,0.03266826652915783,0.026123215627347852,0.11738734638142923
834,0.16276495448676342,1.146368,0.46067280167655006,0.027941397445529675,0.15200273099681383
835,0.018290917866001732,0.842368,0.8886773368239423,0.02975957926371149,0.18661811561219843
836,0.06831869554106262,0.9223680000000001,1.3166818719713347,0.01174305033809166,0.2212335002275831
837,0.14603565651520206,1.002368,1.744686407118727,0.013561232156273478,0.2558488848429677
838,0.2371918418214083,1.082368,2.172690942266119,0.015379413974455296,0.29046426945835235
839,0.3367017135423669,1.162368,2.6006954774135114,0.017197595792637112,0.3250796540737369
840,0.003988726903090364,0.858368,0.09381177155021386,0.019015777610818935,0.35969503868912156
841,0.08559149970760571,0.938368,0.521816306697606,0.02083395942900075,0.39431042330450616
842,0.18588181210886506,1.018368,0.9498208418449984,0.022652141247182567,0.42892580791989077
843,0.2930693023669091,1.098368,1.3778253769923907,0.024470323065364386,0.46354119253527537
844,0.4051032447993958,1.1783679999999999,1.805829912139783,0.0262885048835462,0.49815657715066003
845,0.006477381544583383,0.874368,2.2338344472871756,0.02810668670172802,0.0510241238051889
846,0.0692042607489759,0.954368,2.6618389824345674,0.029924868519909838,0.08563950842057352
847,0.042275436697385316,1.034368,0.1549552765712699,0.010105184072126221,0.12025489303595813
848,0.13215841799257955,1.114368,0.5829598117186621,0.011923365890308039,0.15487027765134276
849,0.22517312241948373,1.1943679999999999,1.0109643468660543,0.013741547708489857,0.18948566226672736
850,0.03500595388700431,0.8135680000000001,1.4389688820134467,0.015559729526671675,0.22410104688211196
851,0.09663717000465005,0.893568,1.866973417160839,0.017377911344853492,0.2587164314974966
852,0.17817795230874317,0.973568,2.2949779523082317,0.019196093163035312,0.2933318161128812
853,0.27188871755315797,1.053568,2.7229824874556234,0.021014274981217128,0.32794720072826583
854,0.16099881264276694,1.133568,0.21609878159232598,0.022832456799398944,0.36256258534365043
855,0.05345207730570656,0.8295680000000001,0.6441033167397182,0.024650638617580767,0.3971779699590351
856,0.13699051670237772,0.909568,1.0721078518871106,0.026468820435762583,0.4317933545744197
857,0.23488268692744785,0.989568,1.5001123870345028,0.0282870022539444,0.4664087391898043
858,0.09374705030082542,1.069568,1.9281169221818948,0.010270473328324568,0.05368684569868002
859,0.18506017257513496,1.149568,2.3561214573292872,0.012088655146506387,0.08830223031406464
860,0.02966496680262462,0.845568,2.7841259924766795,0.013906836964688203,0.12291761492944925
861,0.008291031420878225,0.9255680000000001,0.27724228661338196,0.01572501878287002,0.15753299954483385
862,0.07341508755655024,1.005568,0.7052468217607741,0.01754320060105184,0.19214838416021846
863,0.16178852544921618,1.0855679999999999,1.1332513569081664,0.019361382419233658,0.22676376877560311
864,0.2590305658414642,1.165568,1.5612558920555588,0.021179564237415474,0.2613791533909877
865,0.10784760890421846,0.861568,1.989260427202951,0.022997746055597294,0.2959945380063724
866,0.19089306245520649,0.941568,2.4172649623503433,0.024815927873779113,0.330609922621757
867,0.2858243388915446,1.021568,2.8452694974977355,0.02663410969196093,0.3652253072371416
868,0.1623108321251494,1.1015679999999999,0.33838579163443805,0.028452291510142745,0.39984069185252624
869,0.2754455123774433,1.181568,0.7663903267818303,0.010435762584522916,0.4344560764679108
870,0.13918197729889892,0.877568,1.1943948619292226,0.012253944402704733,0.46907146108329545
871,0.018891836911461957,0.957568,1.6223993970766146,0.014072126220886551,0.05634956759217115
872,0.09410220257275992,1.037568,2.050403932224007,0.01589030803906837,0.09096495220755577
873,0.18570365563636915,1.117568,2.4784084673713993,0.01770848985725019,0.1255803368229404
874,0.28349494790558427,1.197568,2.9064130025187915,0.019526671675432004,0.160195721438325
875,0.0018688253070743635,0.801408,0.399529296655494,0.02134485349361382,0.1948111060537096
876,0.037509075759673494,0.881408,0.8275338318028862,0.023163035311795643,0.2294264906690942
877,0.109701636833,0.961408,1.2555383669502787,0.02498121712997746,0.26404187528447887
878,0.19987340223008515,1.041408,1.6835429020976707,0.026799398948159275,0.29865725989986347
879,0.29981814803434337,1.121408,2.111547437245063,0.0286175807663411,0.3332726445152481
880,0.13726462155251862,0.817408,2.539551972392456,0.010601051840721262,0.3678880291306327
881,0.22043718393406292,0.897408,2.9675565075398476,0.01241923365890308,0.40250341374601734
882,0.025150960687062518,0.977408,0.041403052960737256,0.0142374154770849,0.4371187983614019
883,0.16653789949646824,1.057408,0.46940758810812955,0.016055597295266715,0.47173418297678654
884,0.1534095248850813,1.137408,0.8974121232555217,0.017873779113448535,0.05901228948566227
885,0.0031946358183769508,0.833408,1.325416658402914,0.01969196093163035,0.09362767410104689
886,0.04173664511920194,0.913408,1.7534211935503063,0.02151014274981217,0.1282430587164315
887,0.11611461539049567,0.9934080000000001,2.1814257286976986,0.02332832456799399,0.16285844333181615
888,0.20716778218189258,1.073408,2.609430263845091,0.025146506386175806,0.19747382794720075
889,0.1569267189782273,1.153408,0.1025465579817933,0.02696468820435762,0.23208921256258536
890,0.0227811111659022,0.849408,0.5305510931291856,0.028782870022539445,0.26670459717796996
891,0.08489059825414208,0.929408,0.9585556282765778,0.01076634109691961,0.30131998179335456
892,0.16987569558638338,1.009408,1.3865601634239701,0.012584522915101428,0.3359353664087392
893,0.2659215449839427,1.089408,1.8145646985713624,0.014402704733283245,0.3705507510241238
894,0.369203206017133,1.169408,2.2425692337187546,0.016220886551465065,0.40516613563950843
895,0.21358641621536523,0.8654080000000001,2.670573768866147,0.01803906836964688,0.43978152025489303
896,0.0513605744122369,0.945408,0.16369006300284933,0.019857250187828697,0.4743969048702777
897,0.04389624298486927,1.025408,0.5916945981502416,0.021675432006010516,0.06167501137915339
898,0.13390396845148178,1.105408,1.0196991332976337,0.023493613824192336,0.09629039599453801
899,0.22883655632520883,1.185408,1.447703668445026,0.025311795642374152,0.13090578060992264
900,0.026605658166213325,0.804608,1.8757082035924184,0.027129977460555975,0.16552116522530724
901,0.08626421115092858,0.8846080000000001,2.303712738739811,0.02894815927873779,0.20013654984069185
902,0.1458705820128806,0.964608,2.731717273887203,0.010931630353117956,0.2347519344560765
903,0.0791215574239923,1.044608,0.22483356802390542,0.012749812171299774,0.2693673190714611
904,0.18382026999254641,1.124608,0.6528381031712976,0.014567993989481592,0.3039827036868457
905,0.06093420053909723,0.820608,1.08084263831869,0.01638617580766341,0.33859808830223037
906,0.13604615132931852,0.9006080000000001,1.5088471734660822,0.018204357625845227,0.3732134729176149
907,0.2264564315121605,0.980608,1.9368517086134742,0.020022539444027047,0.4078288575329996
908,0.3265164013048429,1.060608,2.3648562437608667,0.021840721262208863,0.4424442421483842
909,0.43327053105361846,1.140608,2.792860778908259,0.023658903080390682,0.47705962676376884
910,1.9323327834334853e-09,0.836608,0.2859770730449614,0.025477084898572498,0.06433773327264451
911,0.009385337879156658,0.916608,0.7139816081923537,0.02729526671675432,0.09895311788802913
912,0.07173778925017205,0.9966079999999999,1.1419861433397458,0.029113448534936137,0.13356850250341373
913,0.1412819674070077,1.076608,1.5699906784871382,0.011096919609316304,0.16818388711879836
914,0.23333540687416143,1.1566079999999999,1.9979952136345303,0.012915101427498122,0.202799271734183
915,0.08445772860671458,0.852608,2.4259997487819227,0.01473328324567994,0.2374146563495676
916,0.1609977636847431,0.932608,2.854004283929315,0.016551465063861757,0.2720300409649522
917,0.08207841021406082,1.012608,0.3471205780660175,0.018369646882043573,0.30664542558033686
918,0.18540523085595517,1.092608,0.7751251132134097,0.020187828700225393,0.34126081019572146
919,0.2918303750399386,1.1726079999999999,1.2031296483608018,0.022006010518407212,0.37587619481110607
920,0.14610216483509292,0.868608,1.631134183508194,0.02382419233658903,0.4104915794264907
921,0.23768339739047678,0.948608,2.0591387186555865,0.02564237415477085,0.44510696404187533
922,0.33881271485818293,1.028608,2.4871432538029787,0.027460555972952667,0.47972234865725993
923,0.19281251658744702,1.108608,2.915147788950371,0.029278737791134483,0.06700045516613565
924,0.19326277911766165,1.1886079999999999,0.4082640830870735,0.01126220886551465,0.10161583978152026
925,0.0024336834912526487,0.8078080000000001,0.8362686182344656,0.013080390683696468,0.13623122439690488
926,0.034214296777124675,0.887808,1.264273153381858,0.014898572501878288,0.17084660901228949
927,0.10098363707551994,0.967808,1.69227768852925,0.016716754320060104,0.20546199362767414
928,0.1867228594596877,1.0478079999999999,2.1202822236766425,0.018534936138241923,0.24007737824305875
929,0.2828792093887782,1.127808,2.548286758824035,0.02035311795642374,0.27469276285844335
930,0.13411861745389764,0.8238080000000001,2.976291293971427,0.02217129977460556,0.30930814747382795
931,0.0033457811903662843,0.9038080000000001,0.05013783939231669,0.023989481592787375,0.34392353208921256
932,0.10069267307866492,0.983808,0.4781423745397089,0.025807663410969198,0.37853891670459716
933,0.20701657077802904,1.0638079999999999,0.9061469096871011,0.027625845229151014,0.4131543013199818
934,0.3176545718139726,1.143808,1.3341514448344933,0.02944402704733283,0.4477696859353664
935,0.164791191720645,0.839808,1.762155979981886,0.011427498121712999,0.482385070550751
936,0.01839340329701522,0.919808,2.1901605151292785,0.013245679939894816,0.06966317705962677
937,0.0869385177331562,0.999808,2.6181650502766707,0.015063861758076634,0.10427856167501139
938,0.08256925397598758,1.0798079999999999,0.11128134441337274,0.01688204357625845,0.13889394629039598
939,0.17684552742587722,1.159808,0.5392858795607649,0.01870022539444027,0.1735093309057806
940,0.028389820041883146,0.855808,0.9672904147081572,0.02051840721262209,0.20812471552116524
941,0.09264781981848247,0.935808,1.3952949498555496,0.022336589030803905,0.24274010013654984
942,0.1777978692912921,1.015808,1.823299485002942,0.02415477084898572,0.2773554847519345
943,0.27436648533692076,1.095808,2.2513040201503345,0.025972952667167544,0.31197086936731905
944,0.37819110329718,1.175808,2.6793085552977267,0.02779113448534936,0.3465862539827037
945,0.016639831189005527,0.871808,0.17242484943442876,0.029609316303531176,0.3812016385980883
946,0.10490012737348264,0.951808,0.6004293845818209,0.011592787377911345,0.41581702321347297
947,0.20592253565833057,1.031808,1.0284339197292132,0.013410969196093163,0.4504324078288575
948,0.31302728177853173,1.111808,1.4564384548766054,0.01522915101427498,0.4850477924442422
949,0.22412897140135624,1.191808,1.8844429900239983,0.017047332832456796,0.07232589895311789
950,0.011469539382992555,0.8110080000000001,2.3124475251713905,0.018865514650638616,0.1069412835685025
951,0.06133848420557336,0.891008,2.7404520603187827,0.020683696468820435,0.14155666818388712
952,0.02283463210939235,0.971008,0.23356835445548485,0.02250187828700225,0.17617205279927173
953,0.10804451696044337,1.051008,0.6615728896028771,0.024320060105184067,0.2107874374146564
954,0.2047935658207679,1.131008,1.0895774247502692,0.02613824192336589,0.245402822030041
955,0.06739981982897786,0.8270080000000001,1.5175819598976619,0.027956423741547706,0.28001820664542565
956,0.14301438764603003,0.907008,1.9455864950450539,0.029774605559729522,0.3146335912608102
957,0.21514292399358192,0.987008,2.3735910301924465,0.011758076634109691,0.34924897587619486
958,0.3110455998724904,1.067008,2.8015955653398383,0.01357625845229151,0.38386436049157946
959,0.19078747151542363,1.147008,0.2947118594765408,0.015394440270473328,0.41847974510696406
960,0.07895046673941614,0.843008,0.722716394623933,0.017212622088655146,0.45309512972234867
961,0.1697016341304864,0.923008,1.1507209297713252,0.019030803906836966,0.4877105143377333
962,0.05737235313208067,1.003008,1.578725464918718,0.02084898572501878,0.07498862084660901
963,0.14621031679464336,1.083008,2.00673000006611,0.022667167543200598,0.10960400546199363
964,0.24293220104234636,1.163008,2.4347345352135026,0.02448534936138242,0.14421939007737825
965,0.07658889224831206,0.859008,2.862739070360895,0.026303531179564237,0.17883477469276288
966,0.027607830717498727,0.9390080000000001,0.35585536449759686,0.028121712997746053,0.21345015930814748
967,0.10996787797525243,1.019008,0.783859899644989,0.02993989481592787,0.24806554392353208
968,0.1920506622056427,1.099008,1.2118644347923813,0.010120210368144252,0.28268092853891674
969,0.2903082952732935,1.179008,1.6398689699397737,0.01193839218632607,0.31729631315430135
970,0.13986828507282412,0.875008,2.0678735050871664,0.013756574004507888,0.351911697769686
971,0.2264943987792386,0.955008,2.4958780402345586,0.015574755822689705,0.3865270823850706
972,0.3233166928818734,1.035008,2.923882575381951,0.017392937640871523,0.4211424670004552
973,0.1942533226444999,1.115008,0.4169988695186529,0.019211119459053343,0.4557578516158398
974,0.3181274805909212,1.195008,0.845003404666045,0.02102930127723516,0.4903732362312245
975,0.0006365899776810298,0.814208,1.2730079398134375,0.022847483095416978,0.07765134274010013
976,0.027750702006029138,0.894208,1.70101247496083,0.024665664913598798,0.11226672735548475
977,0.0972250035411058,0.974208,2.1290170101082224,0.026483846731780614,0.14688211197086937
978,0.18688131080872472,1.054208,2.5570215452556146,0.02830202854996243,0.18149749658625403
979,0.2513397714737945,1.134208,2.985026080403007,0.0102854996243426,0.21611288120163857
980,1.791239777088798e-05,0.8302080000000001,0.05887262582389613,0.012103681442524418,0.25072826581702323
981,0.04106540077280224,0.910208,0.4868771609712884,0.013921863260706236,0.28534365043240784
982,0.12241807905935698,0.990208,0.9148816961186805,0.015740045078888053,0.31995903504779244
983,0.21739557546014127,1.070208,1.3428862312660728,0.017558226897069873,0.3545744196631771
984,0.3200201013264027,1.1502080000000001,1.7708907664134654,0.01937640871525169,0.38918980427856165
985,0.17186254362878628,0.8462080000000001,2.198895301560858,0.021194590533433505,0.4238051888939463
986,0.26304099225732824,0.926208,2.62689983670825,0.023012772351615324,0.4584205735093309
987,0.07285804217637276,1.006208,0.12001613084495218,0.024830954169797144,0.49303595812471557
988,0.102016928808494,1.086208,0.5480206659923444,0.02664913598797896,0.08031406463359127
989,0.1964249912722047,1.166208,0.9760252011397366,0.028467317806160776,0.11492944924897588
990,0.021232778467419805,0.8622080000000001,1.4040297362871288,0.010450788880540946,0.14954483386436052
991,0.07847909711472567,0.9422079999999999,1.8320342714345215,0.012268970698722764,0.18416021847974512
992,0.15851663242112335,1.022208,2.260038806581914,0.014087152516904584,0.21877560309512972
993,0.25093833098013885,1.102208,2.688043341729306,0.0159053343350864,0.2533909877105143
994,0.19037684183912185,1.182208,0.1811596358660082,0.01772351615326822,0.288006372325899
995,0.048526129349380165,0.878208,0.6091641710134005,0.019541697971450035,0.3226217569412836
996,0.13002660157333046,0.958208,1.0371687061607926,0.02135987978963185,0.3572371415566682
997,0.2258037157964517,1.038208,1.4651732413081848,0.023178061607813674,0.3918525261720528
998,0.32975952250225404,1.118208,1.8931777764555775,0.02499624342599549,0.42646791078743745
999,0.4393877903497071,1.198208,2.32118231160297,0.026814425244177313,0.46108329540282206
